surface_area,diameter,eccentricity,compactness,rectangularity,convexity,obj_class,file_name
1.5460328438670776,1.001247984019176,1.914767825633936,0.8331866657134105,0.7683885628339048,1.0138973851158906,AircraftBuoyant,m1344.obj
0.7009492564191248,1.0021219718229981,12.087027411553112,0.8504399641075292,0.733078223779576,0.8933926869767307,AircraftBuoyant,m1346.obj
1.03099318146904,1.009072060467923,10.588084172197453,0.7721476684647274,0.7564055467326736,0.9673012464795496,AircraftBuoyant,m1347.obj
0.7016089600106504,1.0069428238086313,11.902011617750798,0.9096962099211598,0.7000064143486459,1.0134277422984868,AircraftBuoyant,m1348.obj
0.6420887927868089,0.9972802524474988,20.38906199980839,0.9240342844003474,0.7122673085757465,1.0086004140897806,AircraftBuoyant,m1351.obj
1.0038127463767201,0.9700334514334396,6.735863796926997,0.8012191255084076,0.6360173640455057,0.9864774109141445,AircraftBuoyant,m1352.obj
5.479988453110967,1.0986627342619713,10.209511483302952,0.6516401300232081,0.8181786430034045,0.7238890163316585,Apartment,D00310.obj
2.5211221985014576,1.0040415956280035,11.923252692658306,0.623371405159552,0.8226281716155646,0.821656228390812,Apartment,D00478.obj
3.180319836224821,1.1346702811029912,3.4827397712452624,0.5518961534719731,0.8972274019923453,0.8015800852889781,Apartment,D00859.obj
2.215214484798897,1.0304167360117398,1.8341991425671385,0.5500420968297471,0.917938381736356,0.8177342677496557,Apartment,D00869.obj
4.585368249919148,1.0342490512042222,3.0007412548701526,0.6230923111290516,0.8398278209261726,0.7619609672195347,Apartment,D00921.obj
3.7545852392377568,1.01624190205118,40.18956140690143,0.5848427645732541,0.9046949977065358,0.8245884924675126,Apartment,D00953.obj
0.47342501740372167,1.011831251181703,89.79217456167288,0.5828112782045013,0.9342099659095733,0.7640716774676714,Apartment,m465.obj
0.6432210058237509,0.8558406031250758,61.254442075257366,0.4185743010259283,0.18407280932992712,0.4953344228724884,AquaticAnimal,m57.obj
1.4583686975084886,1.048350243691788,2.5561555266085008,0.3836918435751298,0.17293312844050943,0.45042033457143804,AquaticAnimal,m62.obj
0.7081129830504503,1.0044799696832571,17.75333646794343,0.45577543021244965,0.19702869034879097,0.51528074025825,AquaticAnimal,m63.obj
0.38848524443897847,1.0047422843925573,26.22539351242481,0.4502211390568758,0.19260365034130697,0.4729922006051974,AquaticAnimal,m73.obj
0.45086809438070213,1.0052091747099694,21.208873771203418,0.43012468240089,0.17721945179946527,0.4511203076339104,AquaticAnimal,m74.obj
0.2983499830777108,1.0246329864628811,43.27118817450688,0.39994393159658764,0.19750403450770176,0.46692349832247515,AquaticAnimal,m76.obj
5.446286520071615,1.1241127235589379,10.406797443088962,0.4339126579870514,0.17009959777784642,0.47425344041495726,AquaticAnimal,m79.obj
3.6958712329212946,1.071288283201222,17.198805688032174,0.25476256332704017,0.3016812239719471,0.3139180936556629,Bed,D00184.obj
1.6974467528002504,1.164926991160405,13.793724769718022,0.28563384593844504,0.2869598287317373,0.3520439473756765,Bed,D00307.obj
2.232014408810077,1.1594229837140915,29.323528706394896,0.2802668211514128,0.307826525745548,0.3358956483171967,Bed,D00538.obj
3.3296763584887503,1.1802069797542811,24.757649189965537,0.26208716500652396,0.3408189020662456,0.39775357850503934,Bed,D00650.obj
4.219235928460611,1.4720256409547146,4.633116204659568,0.29467279685961834,0.2720636959179433,0.27442964885790605,Bed,D00988.obj
3.1669357126341113,1.3961640229069097,20.080114864938846,0.2908680870063133,0.27967989578776115,0.3162361898808239,Bed,m949.obj
0.6175804452475742,1.034257265502994,55.907559672658564,0.27734184364516173,0.32388779296916026,0.3235199249362992,Bed,m951.obj
0.5960128332042998,1.0011576625932377,68.41501871299795,0.16435268285857377,0.012811764467356154,0.03289686096686643,Bicycle,D00040.obj
0.8061904403953692,1.005756429861334,83.6975593690932,0.1392058463925506,0.011473240351007413,0.03301178579399656,Bicycle,D00077.obj
0.34064160001439275,1.0391360955684983,74.88354342999517,0.1521068866907659,0.01117145394498553,0.03283322928561681,Bicycle,D00555.obj
0.4981745492821621,1.0017459026329505,100.76694150550756,0.15355840598710555,0.012391322166707297,0.03204704098925023,Bicycle,D00558.obj
0.8641070730609477,1.0155580701379667,27.073185947145646,0.14970738075483717,0.013077122210699427,0.029443440191227237,Bicycle,D00708.obj
0.8375452738957223,1.0147304667875057,8.894821052556809,0.1534819500747179,0.011236728734973177,0.03268045729301371,Bicycle,D00930.obj
1.178453209828318,1.0220648707952957,6.55368255274954,0.16188804054296538,0.01143919016263672,0.034631278007189105,Bicycle,m1476.obj
0.968868616206922,1.0283331127483502,10.987297231709405,0.27037903515913886,0.10882736405891488,0.31346132770619983,Biplane,D00069.obj
0.6997051974677595,1.0154991912198172,23.038613367835254,0.2954904985532704,0.11023157415915431,0.27145403231790516,Biplane,D00132.obj
2.3922525715903635,1.028070672963346,3.2211066327187914,0.27583677816620633,0.10983079072562425,0.29691109350428346,Biplane,D00199.obj
0.39289601404389096,1.0055041265041709,12.797570467846944,0.29418089931666197,0.102506157272029,0.28170466985158454,Biplane,m1119.obj
0.24683185787280051,1.002491476195666,89.86424221343131,0.2639827297321796,0.11863300852117345,0.2835654590205441,Biplane,m1127.obj
1.2576005989042758,1.0384364706312748,3.8775139595562,0.2803537933249952,0.12016127247025556,0.32563819434931646,Biplane,m1135.obj
0.2709785258384795,1.15094698761591,8.480889860019307,0.30206384808634745,0.1126103378770214,0.322879193600621,Biplane,m1144.obj
0.2937252180097955,1.0003889189237125,34.94819570826438,0.7386912296725341,0.6392104949295855,0.89044794187782,Bird,D00113.obj
2.611282816153188,1.0800782747317368,13.407008447577457,0.785382794531458,0.7007005629265941,0.8818026515967028,Bird,D00271.obj
9.835407003632204,1.4483578743055114,2.2115589532411697,0.7798646531537481,0.6770215974785735,0.9527300152333078,Bird,D00599.obj
9.118598662207207,1.5416980472902342,1.8912380752880067,0.755133384420986,0.6395498366449804,0.9035521652603967,Bird,m36.obj
3.66373485328452,1.171296818662591,5.684997725575181,0.8042818818637494,0.6841162060223713,0.9840564321879172,Bird,m43.obj
5.8018234156670125,1.3502366889899964,2.3694311328470365,0.7543676658130385,0.6555970868356995,0.9247801651138503,Bird,m47.obj
0.680124612526894,1.0040279326997215,13.355510003810457,0.7541297542121299,0.5593396575475473,0.9000235342382874,Bookset,D01030.obj
0.641960193718708,1.0063319059621911,20.631563050839993,0.42056573447428797,0.29331157571408917,0.41989946385571064,Bookset,D01038.obj
2.447281468544348,1.024130209284154,7.413790414122065,0.42538129306406225,0.25973981088575426,0.42649802741208387,Bookset,D01042.obj
1.6563628160196346,1.0094144214644674,9.871714522830286,0.024422766094186362,0.008019574679724317,0.013455509517023748,Bookset,D01050.obj
1.0045486690767687,1.0179650865718803,13.325063866985909,0.4281584421312614,0.29833081890912544,0.5017494267727801,Bookset,D01078.obj
0.7631113387136003,1.0130836773965548,17.160711759480186,0.42620951366282883,0.27782935634220735,0.4720478087961631,Bookset,D01122.obj
1.20393661471752,1.0111013846118058,12.433904962320522,0.9640969086392037,0.4934844554999371,0.9463050685004961,Bottle,D00020.obj
2.3806851595438983,1.2667971186951428,11.527566758759228,0.832676981803862,0.5320370200142711,1.0063327755206033,Bottle,D00123.obj
1.8161109886042386,1.0592062495860888,2.893061583786054,0.946748823666369,0.4545050424013149,0.9862976968513918,Bottle,D00166.obj
5.057332690875185,1.4125077414071354,4.349392642508549,0.9321771787471053,0.4600622484417191,0.9227180518951149,Bottle,D00176.obj
6.246267001811424,1.2764023183494795,2.312074287921336,0.8511782724139186,0.5079412415266829,1.03630337148107,Bottle,m482.obj
4.095268869354569,1.109888455616367,3.7477105869862894,0.8352478222346792,0.5174674460321842,0.9708249539201058,Bottle,m483.obj
0.8623027463290333,1.096578787005651,37.9274736282135,0.8309128864440692,0.5438582794215476,0.9455184724284018,Bottle,m486.obj
0.8476212759391843,1.0264942949129445,38.94952181254197,0.5417440451063229,1.0038432273938844,0.6707029215919054,BuildingNonResidential,m384.obj
1.0831513500425791,1.0180890296724583,25.22006901814433,0.5000068276099823,0.8359139773798755,0.695091943912213,BuildingNonResidential,m390.obj
8.551086375106046,1.1025321531399384,7.507133136385848,0.5357275569722515,0.922754822319731,0.7614050533923775,BuildingNonResidential,m399.obj
1.0244854951775448,1.0378845575824565,21.21691197261121,0.5941047215471992,1.0076223730470493,0.7583211050224995,BuildingNonResidential,m400.obj
1.9073678824051379,1.0253636075987558,21.347407851809397,0.5188224456269044,0.9317853182012666,0.760723802826677,BuildingNonResidential,m404.obj
1.43736338215797,1.048451494144908,13.372283686293015,0.582405140567695,0.9114881907462082,0.6804955592819804,BuildingNonResidential,m409.obj
2.317743258362545,1.0188700936612802,22.361255555288363,0.5575641397851316,1.0045482876826024,0.6927182301253646,BuildingNonResidential,m412.obj
1.378343236463623,1.024375166990359,15.067972512234578,0.612126021841373,0.5065379023307346,0.6479035633964206,Bus,D00084.obj
2.0392284613880127,1.0233152824864913,22.880448424220138,0.541737384676946,0.43932510275425185,0.6621591154128755,Bus,D00114.obj
1.4838889071411727,1.0470584764712825,10.566949891223748,0.6542275911504,0.4716283556794314,0.7263416456306945,Bus,D00264.obj
1.163583784214255,1.0220683792933878,26.296437207165024,0.6152541001750345,0.48689760881331323,0.703559988782079,Bus,D00446.obj
1.330730920659411,1.032601038195591,12.08224628512254,0.5966521179931511,0.4806982404318091,0.7121209003416963,Bus,D00516.obj
1.9893305176536833,1.0406805526441938,13.584127411232464,0.6207611050946292,0.4485595209085438,0.6443378922506416,Bus,D00754.obj
2.3517390228848587,1.0361908669773539,20.57577336121089,0.6467222681948015,0.4617214236835957,0.7581033121818,Bus,D00815.obj
0.000249292195661216,1.0824566718762452,28.273144918295202,0.4142171602732168,0.7996217034806992,0.9963087526819141,Car,D00377.obj
1.48258854884195,1.0180451140740876,38.70715564062713,0.4890085172750082,0.9117043784737643,1.000597092506375,Car,D00785.obj
1.3187317489684016,1.0095896188943736,19.43458921825991,0.4515512928614118,0.9476023765314491,1.067148087505192,Car,m1519.obj
1.4619213044958719,1.033885037055865,30.552167443187827,0.45585800229308837,0.8636189257482856,0.981674595095594,Car,m1524.obj
0.5058506116743469,1.0017949069370728,21.526335133986386,0.44178469328317704,0.9307084081943036,1.044272265195607,Car,m1542.obj
0.7489554651352607,0.9920117206705648,13.072483400476957,0.41469329540825167,0.9285089512641899,1.0117834067577367,Car,m1548.obj
1.1395182552984158,1.0064216284027605,46.75477792293677,0.49876166354529256,0.9192099115847312,1.0136448920833696,Car,m1558.obj
1.7357513889759928,1.071333511337782,5.528451721526437,0.3204945507314923,0.1411273169972467,0.288657952114412,Cellphone,D00018.obj
0.9028085127975096,1.0210798563997274,10.736863108398063,0.04897628243741036,0.0048496941314361925,0.012725194220100117,Cellphone,D00079.obj
3.3318793882742646,1.414213554962352,39.757967920438176,0.35085400922571763,0.14032543620241894,0.3124197874963018,Cellphone,D00192.obj
1.0834458313551214,1.0377168920864113,13.98636936522001,0.32635692273132777,0.1478195319371128,0.27128249742317817,Cellphone,D00440.obj
1.9655415387073953,1.0579237369197476,4.014506828137866,0.35047336878670493,0.1523765193795174,0.2849441368731392,Cellphone,D00542.obj
0.979706483722319,1.022417027738736,9.092962496955192,0.6137584100253605,0.2726739352898147,0.5574169992422179,Cellphone,D00848.obj
1.1742684885306716,1.3182031937519496,819.4613556140708,0.8171317616386224,0.8377897793921009,0.8436940831787634,Chess,D01099.obj
0.7732828461270547,1.1286998046085046,105.76200757778422,0.8704728854393896,0.7907842778343019,0.8826018557522081,Chess,D01112.obj
1.5015015308015547,1.0255736411872374,784.3872140096792,0.8591388834616676,0.8396083357615263,0.7864622044708279,Chess,m1595.obj
0.42903237032895347,1.0201450206767608,12.721130013980005,0.763287257376238,0.8091562578229724,0.7942460339401992,Chess,m1604.obj
0.09264558383300503,1.0030389442650316,24.509339434463268,0.7925338995254574,0.7361820815227913,0.7909421955549636,Chess,m1610.obj
0.7877869307867003,1.1286998126980778,103.89287418638699,0.8085304440722418,0.7868700494741665,0.7948393078611272,Chess,m1613.obj
0.002178413141980546,1.2190510830162102,386.30537978016486,0.5001856694796543,0.8837310016515558,0.6033817331517864,City,D01039.obj
2.445586551452058,1.126542953280978,5.402841439443706,0.5128869736110921,0.853489809801663,0.5980509235683166,City,D01103.obj
4.7543221142242285,1.236769207335816,4.562810965788691,0.4529735152873602,0.859061863994874,0.653367767584078,City,D01173.obj
3.497735057294666,1.2569238306240653,5.788758622590714,0.5034333341037752,0.8371241618895717,0.6334181785112706,City,D01181.obj
7.877813601115954,1.199424879723048,2.5881623632234025,0.5233764547953649,0.9056579458841463,0.5911149663036274,City,D01192.obj
3.4002092204300487,1.0199708707801636,15.758296664458328,0.514405159091913,0.9639377991737046,0.6919207143445679,City,m1652.obj
4.134321559086098,1.176219617677067,6.572543979900374,0.5328953346520275,0.9856671231570656,0.6519644078033207,City,m1654.obj
3.083497940016348,1.2079043101792764,3.075314643846431,0.7461548226152488,0.8036602703824295,0.7682677751663851,ClassicPiano,D00009.obj
4.030207248721963,1.1598140359575486,3.1832246365914774,0.6980169581577397,0.7692938663845953,0.6798635434478236,ClassicPiano,D00092.obj
2.826396618123983,1.0777303163480372,6.030721934227807,0.718122198413592,0.8867962662753686,0.6833996597364564,ClassicPiano,D00190.obj
3.8435239741250378,1.4103652294216695,1.6898284335244658,0.7081091648275742,0.7802139615357292,0.7152277909880848,ClassicPiano,D00314.obj
2.2954162678077314,1.1416421761285704,4.795807915125631,0.757280077269248,0.7764086307122174,0.7886620658358989,ClassicPiano,D00561.obj
5.891962848188,1.3782930239177325,1.6885803752298798,0.699147943358235,0.8376308071826764,0.7125007060462689,ClassicPiano,D00605.obj
1.0454324993795956,1.0360038319842721,120.15044338739699,0.7020127326861455,0.7850893323049007,0.7069577284500335,ClassicPiano,D00811.obj
0.954080252910964,1.024047537818748,1244.3322007427653,0.6256386197007064,0.7782987391487453,0.7416474859629935,Computer,D01100.obj
1.1423293116298094,1.0446621967845302,1260.818862519501,0.620886896133739,0.9312323703732518,0.8689109849995886,Computer,D01164.obj
1.5662946623463083,1.0527193432565882,124.96349127569098,0.5937669724054169,0.8760671637678628,0.8317165165453683,Computer,D01185.obj
1.8425595604601823,1.0938292387471662,237.0013384257945,0.5431366993023541,0.8435663694968578,0.7675403439920628,Computer,m1773.obj
0.9273336936226525,1.0401221817012578,292.3428784764482,0.6505708775317119,0.797003181107736,0.7635979687894319,Computer,m1774.obj
0.9457113283562957,1.0618620529712788,380.09850212569563,0.2206356904458866,0.07311008952252965,0.11406865845949157,ComputerKeyboard,D00127.obj
3.483540904863288,1.2467923391743165,1.3794062567642777,0.12728807144814513,0.046418733133382704,0.06997378559276918,ComputerKeyboard,D00360.obj
0.9087508920105756,1.0343165915433599,17.30796866977429,0.1684279169799982,0.06265403749854681,0.08243439751678479,ComputerKeyboard,D00525.obj
1.7214499861822667,1.0895350269589696,4.225080417027858,0.2411937379588642,0.07529653644632114,0.13612878755991972,ComputerKeyboard,D00600.obj
0.997579164189091,1.0172007623041948,15.215311472064768,0.21576659921463148,0.08036843564455828,0.10962669958887271,ComputerKeyboard,D00676.obj
2.1388743694740495,1.109572136227769,3.937130216719745,0.27411624606533924,0.13104505706905287,0.1845199033525462,ComputerKeyboard,D00905.obj
2.7350882692366003,1.1966911492475683,2.4367687457445566,0.21227117233427525,0.08175953629733938,0.12600073002664622,ComputerKeyboard,D00990.obj
1.6438719611880968,0.9885720591379129,2.7699330979274808,0.4153497146825124,0.05684627784762287,0.13910088038378707,Cup,D00214.obj
0.29122542750469543,1.00178468191304,84.9616538385111,0.35008736487557574,0.0652196349342354,0.15337206329833492,Cup,D00355.obj
0.25226884173328346,1.0178991696707966,63.19561253930668,0.37933682183206985,0.059923829803556775,0.1450988836729002,Cup,D00638.obj
0.5683903318288798,1.0247124977572233,19.8340290104729,0.34694237634430136,0.06287969795166934,0.14281219283844143,Cup,D00642.obj
1.465570663384073,1.0073809161416316,5.315195354040934,0.41121627281102824,0.057461514262203146,0.13085472920657396,Cup,D00882.obj
2.1240380966434014,1.3231742465080598,5.902077921087541,0.3943616748885016,0.0542473575736744,0.1435273648717352,Cup,m501.obj
0.38072754556201405,1.2635692713942575,65.05316369496667,0.38299832241958254,0.05622840742772484,0.13789841210767093,Cup,m526.obj
1.598169720526844,1.1165529032448498,44.39160070055945,0.380337521901197,0.5582901049243044,0.7683003487071416,DeskLamp,D00330.obj
3.4808465225675302,1.1595682837650358,9.894997846396105,0.37261064545831213,0.5471279383030675,0.7827811320746247,DeskLamp,D00531.obj
2.641899780965147,1.1836033161784871,8.654691423262905,0.3837746506238501,0.594963338830203,0.732237053219105,DeskLamp,D00693.obj
1.2645666166264788,1.0058211624669327,28.420143977387603,0.370915194566664,0.5233858295708672,0.7395725969684864,DeskLamp,m603.obj
3.533312772601956,1.108636151045304,16.98957875772838,0.36683672622128,0.5481365435853703,0.7885936427422158,DeskLamp,m608.obj
1.573337868147073,1.0962770134115534,133.097173303595,0.3610117242283384,0.5380629195230918,0.709450660950012,DeskLamp,m613.obj
1.995584375573589,1.109163552622888,397.6030735613376,0.6962211088209805,0.6739327265833367,0.8822825848707917,DeskPhone,D00154.obj
1.996015142745104,1.1091634283139828,392.45396188962974,0.6861302377335872,0.6364592941831835,0.9294426538284016,DeskPhone,D00556.obj
1.6013382243704695,1.1245020736800928,133.81552829644767,0.6464675367796092,0.6975261518603614,0.9500123368121921,DeskPhone,D00894.obj
2.118558833055681,1.3305100012075997,377.06233145423903,0.5977745264144796,0.710081719099112,0.8835711466513951,DeskPhone,D00897.obj
1.9919323423431803,1.3922112369733486,78.72388228976247,0.6421591694217306,0.7217061333056967,0.8946018066630194,DeskPhone,D00958.obj
2.6244671876928054,1.0375442066509115,4.327240284663612,0.4044992657747171,0.9289387898344925,0.4824543246757414,Door,D01058.obj
5.824877414836219,1.2481478126567533,1.1304802061170816,0.39056908669235524,1.0297533756452832,0.5290308549752453,Door,D01141.obj
1.987767131224262,1.005172150893827,2.429266269145401,0.4379733752420489,0.9448851636844334,0.46173001908554206,Door,m1714.obj
4.363185089524135,1.0948051687423674,3.3199953302801357,0.39160870150344773,0.9781599100325072,0.5276744128705871,Door,m1716.obj
6.402437808954044,1.3360661428007017,1.3515527106036564,0.3723133625585502,0.9093885730152549,0.5054182492474837,Door,m1717.obj
3.9868001760219514,1.187897625866262,3.9009086088182556,0.39938382129198824,0.9260973376566269,0.4675942679811057,Door,m1723.obj
2.454369863267315,1.0498065269516803,4.93031844216137,0.36051698144904953,0.8900092434636919,0.539927679716673,Door,m1726.obj
0.582365852948391,1.0009447442396562,30.611293830607522,0.7798880745941518,0.6397286836313658,0.9556327998559174,Drum,D00026.obj
0.5065158045547071,1.0041500471385116,30.688361308387734,0.7619566269895001,0.6173679548149794,0.822631703945808,Drum,D00063.obj
0.7433334506735803,1.0074040098049004,21.078741800942463,0.8113532657148363,0.7133491160511684,0.834116433719928,Drum,D00115.obj
0.5551337244644143,1.0069251548915301,29.71020671866157,0.8273838454017057,0.6745214316182125,0.9114227320896492,Drum,D00551.obj
0.8089101297798047,1.0091384488901463,33.034721325632326,0.817789588872876,0.6593083474413315,0.8421460976628957,Drum,D00557.obj
0.5475558551980688,1.0000364674836142,30.645389607522652,0.8038880732494926,0.6744619344194677,0.9571507155641374,Drum,D00596.obj
0.5951635859446912,1.0098476225985573,12.87234935012052,0.846305137753137,0.680827778526781,0.9222842341606614,Drum,D00709.obj
1.712614737257069,1.0112733246700516,6.136737678723173,0.287626578580193,0.13429124379330062,0.23301289170492356,Fish,D00022.obj
1.2044084075666495,1.0701448013630244,3.83218369667468,0.32927374998388587,0.12634244150161264,0.21995374015325894,Fish,D00030.obj
0.3502453501844948,1.0266104405029566,5.019045158974249,0.3024833203524692,0.12061406061730268,0.23267122010793231,Fish,D00142.obj
1.9116412845962647,1.0146444589774832,4.485151876869419,0.28698354148382493,0.1281771959202754,0.2658902530587846,Fish,D00165.obj
0.45437300550720766,1.0049590383455156,20.270650556963492,0.29067186221433455,0.12009485410072326,0.205976036714789,Fish,D00351.obj
0.21345721014026772,1.001758805801939,287.07543053169036,0.31415896909770197,0.12478290927980064,0.19083734471055108,Fish,D00748.obj
0.20084352252732565,1.0039184956972196,260.60506397536386,0.3132242012168828,0.12457956955726894,0.24292235547037827,Fish,D00950.obj
0.44418394102357395,1.0541978508685832,29.728163144890342,0.20180129478589864,0.014237172242386322,0.029068544551327378,FloorLamp,D00400.obj
0.24877419308625764,1.0002273692655377,94.54140473374625,0.18865830025845176,0.01448423726656998,0.031622069503837884,FloorLamp,D00495.obj
0.5037324765092246,1.1333326242232336,8.061869683951574,0.209973579565112,0.013918168085642902,0.02872854256256475,FloorLamp,D00563.obj
0.32795609182140295,1.2560800329165516,18.946244822881965,0.19479205932212942,0.015013495943976078,0.03023794778553184,FloorLamp,D00888.obj
0.2777324254481039,1.0157989702675967,18.818586869286626,0.21404324275009434,0.012897682826009593,0.031974725636255495,FloorLamp,D00924.obj
0.17222041289674117,1.0008018449558331,50.38941358545126,0.1976317216252681,0.013201675836046277,0.029087540221656372,FloorLamp,m618.obj
0.4207701621719545,1.015996267778183,30.416388963936697,0.1964880955132208,0.014708736328089233,0.031732884761669425,FloorLamp,m621.obj
0.6497615554734096,1.002281982197405,149.0478065519881,0.7130967715803779,0.6498111895823672,0.8362693260515032,Glasses,D00050.obj
0.6569686015945506,1.001072766052108,115.73388211194178,0.7597590743534359,0.546180229915938,0.8529984595419512,Glasses,D00432.obj
0.8442660013412363,1.0005593439174008,74.6896311921029,0.7412409216553286,0.5970550412974635,0.9031037842730766,Glasses,D00475.obj
0.5123918786162269,1.001948218493402,497.630616277725,0.7650508069580367,0.6341184207585678,0.8649783674271672,Glasses,D00813.obj
0.2702636587461908,1.0201048764916725,3537.625804271798,0.7727338828646798,0.6437117212067079,0.7902692103332182,Glasses,D00877.obj
0.766665014901904,1.0007241090772965,83.69328941452294,0.7469755239945441,0.5584814835587563,0.8198600664717,Glasses,D00883.obj
1.3257454517159701,1.0062798901510113,68.1792380151639,0.7817183105697879,0.5599771801713078,0.7672952642068552,Glasses,D00937.obj
1.3355001705204372,1.0069023981703742,31.132962191740823,0.8089912780811123,0.7523684053546335,0.872043403692513,Guitar,D00023.obj
0.7920402879099478,1.0192956752325606,132.13251124565681,0.8195261926283827,0.766745721073132,0.866647305847085,Guitar,D00416.obj
0.25186344716860676,1.0054863960963543,510.3498325004223,0.8331246135580785,0.7081995336171488,0.9970012591021288,Guitar,D00464.obj
0.23891894590795398,1.0299176814128457,168.23925718636812,0.9340802441029196,0.7580689516248971,0.9466953299541708,Guitar,D00534.obj
0.7481233344111362,1.011294919501346,37.97442146195914,0.8006224399904888,0.791891386279846,0.8924311706807283,Guitar,D00549.obj
1.3060128076505233,1.0357148798170797,11.897816261204975,0.7852425689730389,0.785531849760722,0.9466154924110537,Guitar,D00655.obj
1.6953114677938332,1.0266911805713401,8.765939668767968,0.5442704177036188,0.3356576856474066,0.6778159462688408,Gun,D00282.obj
0.39184972263779083,1.0030239051089083,61.486186128091006,0.5226149837857931,0.25028991839190584,0.46781357868321183,Gun,D00425.obj
1.6917986945918115,1.025010445689095,8.800157360485967,0.5442703318552803,0.3356577085159757,0.6778158467300915,Gun,D00819.obj
1.4038051840070982,1.0337696625209152,10.620661793848079,0.596625148792953,0.3024974731977813,0.5956415446527695,Gun,m668.obj
2.5114942806856555,1.0739521457967653,2.2802013843797577,0.7399129370793134,0.3833996360814298,0.7861752377055787,Gun,m671.obj
0.9428886871623521,1.0129748838045605,15.498939156719894,0.5062883796760139,0.19398231304359623,0.40554120259705734,Gun,m675.obj
3.236298827027392,0.9985614851131703,1.4025333670048317,0.5161425103739803,0.2969706615679933,0.620920917845777,Gun,m685.obj
2.088783262535034,1.0083824223212163,4.993811199411046,0.2081858287664076,0.07886214647680044,0.17126736117598246,Hand,D01060.obj
1.7405258385362907,1.1698648740921034,3.156476591897345,0.2044943111341782,0.07694647169269576,0.15536287836166823,Hand,D01193.obj
3.1466042686780735,1.0465002966539139,3.219511423397919,0.2678838199643603,0.1250215641750674,0.22806473576762473,Hand,D01198.obj
3.144932902645794,1.1342510697416874,2.9118882844788923,0.13593605389861552,0.03667173555313275,0.08718031740395552,Hand,m327.obj
2.374018640733811,0.9971291252770701,3.6115229266534534,0.21464369321430496,0.0731741839627395,0.153657511339924,Hand,m330.obj
2.7848855406373136,1.081785589001083,1.7115871036356902,0.20360001894626406,0.08166822069199901,0.146527645045657,Hand,m332.obj
0.40085955973806525,1.018859322928513,17.492718457090856,0.19587686319011866,0.0808225247653981,0.1629544228680392,Hand,m336.obj
0.5561853497408633,1.0027242152936642,10.402298904916108,0.5930623936169761,0.6530764604984693,0.9157589540790274,Hat,m1628.obj
0.533442361058202,1.0002384389477723,10.372147167815346,0.6949599113259983,0.716726201725761,0.7978178439613492,Hat,m1631.obj
0.3509582349250052,1.0157905661313855,8.082827659259962,0.6568631399226853,0.7018670084805743,0.840636813141046,Hat,m1633.obj
2.071590832758237,1.0195870802146394,2.1776952814836474,0.5911418392479519,0.6925871854425925,0.8641244904338343,Hat,m1635.obj
0.48022510568877286,1.0061732944562174,6.078336418172738,0.6114366412822441,0.6757632274801464,0.8503250211125319,Hat,m1636.obj
4.607958801287026,1.0287107864000948,1.7831546847042452,0.6031413120278251,0.6931162360478834,0.8309467694440144,Hat,m1638.obj
1.8490354843128418,1.0656035154002201,13.20459084752459,0.666529423912316,0.642129672263551,0.8429656467625773,Hat,m1639.obj
2.06013502895017,1.118051462536279,4.559665003614217,0.1791031188630572,0.14994194752224216,0.25308751801781404,Helicopter,D00470.obj
3.2865548327624006,1.1953874617977611,5.9982806841398535,0.19738544414942497,0.16352367441733773,0.2533488109494672,Helicopter,D00498.obj
3.5430288918162263,1.0957539135595538,6.3003235679591345,0.179256965161116,0.17078463439420072,0.23147315787674677,Helicopter,D00500.obj
4.058888209052709,1.0348468022197908,1.7730657508014236,0.2024488080188758,0.1634887178065283,0.232091876905809,Helicopter,D00658.obj
2.2380549684826114,1.0999657663211682,2.277054930519873,0.20911731214452728,0.16119504147652824,0.2641813983379016,Helicopter,m1329.obj
2.337053121115269,0.990599455722256,1.4145603042800743,0.19065766323852448,0.1783303406602618,0.26210030846696103,Helicopter,m1336.obj
3.4711133431043613,1.160723102367881,1.9099935938617207,0.915528840181695,0.4518736458729057,1.0062558823000276,House,D00325.obj
2.5792029705429163,1.2057108383117114,2.4820699362715506,0.8624673341839447,0.4476619263858174,0.8380478248622338,House,D00415.obj
2.3660492743999972,1.10237128271685,2.1575359931169267,0.860272573447787,0.4701169021691627,0.8871364528407851,House,D00941.obj
2.0770717789417845,0.9876459116230497,2.0672145456524706,0.9137540040082491,0.4944275626400225,0.9257097962544925,House,m435.obj
0.654910880099387,1.001513095204003,71.46876432814739,0.924547807279178,0.4729729894032001,0.855535356726061,House,m440.obj
0.8310616635622227,1.2226636218939773,26.1640651147732,0.968032146846247,0.4778479336110556,0.8441096394923012,House,m447.obj
0.9234295152099262,1.023587085175984,26.07208279456561,0.8919846423509356,0.7090615702357298,0.8729628291543717,HumanHead,D00013.obj
0.9570607753826755,1.003765668279534,20.76430041997718,0.9148435060484051,0.708070117531671,0.8875100712876272,HumanHead,D00072.obj
1.0261885062367848,1.01072961381138,28.01073408622259,0.8509159305627444,0.6696519091113301,0.9842073536133087,HumanHead,D00629.obj
1.0292338011801554,1.002595981769495,80.33262655465649,0.8140881717238933,0.6997637879213797,0.9074696840733946,HumanHead,D00910.obj
0.8254707224267172,1.0248098609295606,11.326166906941701,0.8137063649645083,0.5962371110586431,1.0130383267797913,HumanHead,m359.obj
1.3730463984240306,1.0005900333457065,3.1404220127775972,0.8350125462970135,0.6101022690569822,1.0321723879917954,HumanHead,m363.obj
1.2450569438022259,1.0178692861075853,4.248417816349308,0.8109471199136706,0.6649951505829665,1.0331595164433942,HumanHead,m365.obj
0.8389707488281173,1.0355861369956478,11.037617762447251,0.3397904572875085,0.053441558656316016,0.11966357197750396,Humanoid,m134.obj
0.6747813121896951,1.02272252779878,6.231964520722645,0.20950529297356876,0.013153722520580283,0.041887986515785375,Humanoid,m217.obj
1.2053991757689106,1.051192586100148,3.4807334862248234,0.3558561951800509,0.060089466680707894,0.11724807669296956,Humanoid,m241.obj
1.1839039429618037,1.0355026365298858,7.092384751540186,0.44511160555685736,0.09722589025941089,0.18412975730014824,Humanoid,m252.obj
0.7860689659076857,1.0030853476839208,15.948212060933054,0.30303854965434646,0.05742995995157991,0.11242535786838537,Humanoid,m253.obj
0.38549181752287515,1.0136055337853,32.46942447969573,0.34230658203452335,0.05683488944780429,0.1235354789883162,Humanoid,m255.obj
0.5334806521200591,1.0284920085291422,15.339229924486162,0.33102238160640757,0.053515720161013164,0.12147491387042095,Humanoid,m266.obj
0.6366904598792081,1.0159578318592295,38.5119791051574,0.7619176766248243,0.6237206902825304,0.8078084548371847,Insect,D00109.obj
0.729802495153749,1.0014365620497527,113.3944642554334,0.6854398990717909,0.6503730120622558,0.7761844880770292,Insect,D00117.obj
0.47547386740044656,1.0073787948307433,36.46366938007357,0.6576541658692702,0.5455607007507574,0.7793789447569592,Insect,D00672.obj
0.6772428899970013,1.0000000030220106,62.39928402643593,0.7073012409940612,0.657949814987231,0.7403900922474387,Insect,D00732.obj
0.37977087583867186,1.0056462813168603,145.7094698315967,0.6521579620292235,0.6401633976167104,0.8551703690564306,Insect,D00753.obj
0.1849740440597285,0.9933282633279281,526.5303804787476,0.7141195149124877,0.5713697468574844,0.8588356036883978,Insect,m24.obj
0.11772642159950925,1.0039412514593964,2306.521326161457,0.20463750569329547,0.11963759855854397,0.33085217132382816,Jet,m1159.obj
0.2711637616113027,1.1007199267094199,1049.354688995118,0.2163144690074137,0.11901745964056283,0.28105251912315654,Jet,m1185.obj
0.2137151511236739,1.0000105333312816,74.6569018977218,0.2068334237203451,0.04007731566586228,0.17463872679693665,Jet,m1190.obj
0.4373462123946633,1.0168622057800567,645.8981491995627,0.2018234110766501,0.10957797339857336,0.3349424014350976,Jet,m1216.obj
0.6102644923929184,1.0402123279560849,483.1874913893659,0.2291208324021309,0.19209415117154846,0.4466090602788778,Jet,m1266.obj
1.5568734284714278,1.028824542210555,9.437680413487985,0.2038900588862885,0.1157565952043727,0.3139223082177836,Jet,m1275.obj
2.2111261575788004,1.0292381999125648,10.433287523051645,0.2060110383049353,0.1140914280300542,0.3284490193159866,Jet,m1292.obj
2.393119071297036,1.0100036629947187,8.133637439880262,0.28048609110086603,0.2936595277873931,0.3788840095150421,Knife,D01025.obj
2.4426842648012212,1.0044584120356814,10.475496695160412,0.258973347275472,0.2795978958367135,0.4377263885857984,Knife,D01057.obj
2.279547674590413,1.091061520231212,10.809279785269563,0.2570099112299157,0.2711104670735038,0.4102094776268216,Knife,D01174.obj
1.8130653239442216,1.0071320523904588,10.079768699305484,0.26987004077327165,0.27702445369635814,0.40830155462482903,Knife,D01187.obj
2.257555111958189,1.0372743266127213,10.948257937669348,0.25144798750567154,0.2676232064447876,0.4444398042565255,Knife,m723.obj
2.9479703291701185,1.2538866733657272,22.34942955209808,0.27458006957125675,0.24899723446289776,0.3861570032384665,Knife,m726.obj
5.94446186505777,1.258356932103646,2.1228061642822884,0.25848064017214,0.2519433966018333,0.42043797059711385,Knife,m727.obj
3.3665320949623947,1.0270401129520734,13.579828930176353,0.5527062646428984,0.8069994115561931,0.7273001131567284,MilitaryVehicle,D00017.obj
5.267624273500885,1.152447587057441,4.716139873426376,0.6186034517695487,0.8741798315639433,0.691605287464197,MilitaryVehicle,D00334.obj
1.8651302551354387,1.1096180079968525,50.99835417218272,0.6008448471910666,0.8419713330706272,0.8146476868853163,MilitaryVehicle,D00529.obj
0.5843415754270223,1.0009016654032137,21.765195668924818,0.6476431095809628,0.9003077938759189,0.7067058428868781,MilitaryVehicle,D00611.obj
0.9107765825424975,1.005274575956378,30.50352586161051,0.6421980247411543,0.902204174252651,0.6998850828873522,MilitaryVehicle,D00799.obj
0.6346196051973232,1.0102326619632955,43.03545593360249,0.6533540826056752,0.8390414222960629,0.8086877978432108,MilitaryVehicle,D00933.obj
1.0444907272400923,1.0004692209667272,41.119905679424406,0.5584739652045746,0.856720685817321,0.6854865847713051,Monitor,D00141.obj
0.9137106199793812,1.0013794794842859,42.504232709125354,0.5563220810487725,0.9222379363320202,0.6573967253784111,Monitor,D00339.obj
0.3656087577355237,1.1455596726305304,14.551269499973845,0.5290334817599328,0.7878503644620736,0.6483258473864869,Monitor,D00852.obj
0.4116524794715878,1.0085795654203615,201.888651050702,0.595461391757632,0.7987789715631095,0.6459475658243388,Monitor,D00915.obj
2.5325777447148363,1.0582794223672136,14.517617656661395,0.5696731410463152,0.9282229586410671,0.6797308741751503,Monitor,D00919.obj
2.3212855016137715,1.047030255401297,17.594770486985702,0.5542633417187142,0.906001564849984,0.6361079229823591,Monitor,D00920.obj
1.5430812518762593,1.0117569588259976,19.172100472112295,0.2397470493463033,0.2837772008992055,0.4163978342891578,Monoplane,D00011.obj
1.727847351548423,1.0096438136699653,18.610100643711863,0.26071768428416625,0.28767507804161185,0.37721600427176977,Monoplane,D00098.obj
1.909248030989973,1.0273894953041494,18.749184560013884,0.2714745683153055,0.25933511641071566,0.42035975879018855,Monoplane,D00262.obj
1.1753348415854021,1.0165627295135333,37.99469513183952,0.2698684364746278,0.25981965891220565,0.4039154763436508,Monoplane,D00482.obj
2.0577901794261653,1.0058128561321087,30.914576868397976,0.2723870782157465,0.2572266710770201,0.39006442722782864,Monoplane,D00840.obj
5.82685053057179,1.0658168127404073,1.2469857423199617,0.273758586478978,0.3965363515771905,0.5898223330119711,Monoplane,D00864.obj
4.06206316890321,1.0450234965732847,1.8792663942336207,0.23098422543525807,0.15017476163858592,0.21997101270685565,Monoplane,D00995.obj
4.0413160287452055,1.0242767844712195,1.456976281766051,0.2836818791387909,0.20768723338057646,0.22224754704275684,Motorcycle,D00021.obj
2.1592720955111853,1.1089488059952435,1.6752770330994797,0.2616067064590306,0.21648696736470624,0.22648523173978483,Motorcycle,D00039.obj
3.8487573449306884,1.0392885729441022,2.376097482792746,0.2554109678614019,0.1951059883266664,0.2364637002599485,Motorcycle,D00342.obj
3.781119811623136,1.125262772072038,1.262543794454171,0.2537167933720421,0.20310286671000577,0.23796400579585078,Motorcycle,D00476.obj
2.553828592923398,1.0698130154111776,13.902687155783859,0.27689973057302747,0.4135090119648657,0.48354000432521155,Motorcycle,D00768.obj
3.4102941312693957,1.0587579022897444,7.543460670512056,0.299743219375872,0.19349395521726082,0.21846180693184472,Motorcycle,m1481.obj
1.5627860855674571,1.4683823970710697,10.639793208929682,0.30376606247564836,-0.014289494536120263,-0.019344998806149236,Motorcycle,m1482.obj
1.7584039378938512,1.172229955189597,10.966666019800144,0.21786352155717534,0.24546848662992926,0.44431796081081015,Mug,D00760.obj
0.8454856656793781,1.0812328570996232,19.932561461501113,0.21920911435566032,0.25027653964032,0.42214119881031587,Mug,D00770.obj
1.9217807093434298,1.029315549422014,29.86969862800227,0.21161143043451114,0.2487485017442579,0.4330572632996721,Mug,D00825.obj
0.49459959107464296,1.0019126800743008,1005.5354884798703,0.22813755591054471,0.28979386556307224,0.47198220082344333,Mug,D00833.obj
0.6546747064986838,0.9707070000531075,117.16232429585503,0.2014408701047997,0.2704935959079668,0.49734198144157454,Mug,m503.obj
0.6071334027484133,1.0012493358210022,110.83046062053532,0.2128806764631585,0.25278854169912435,0.4815513228438568,Mug,m507.obj
0.43559805044849415,1.0032055287837585,545.7926117232767,,-0.15040727367357015,-0.2401052632209116,MultiSeat,D00145.obj
3.891294201978326,1.2183989532594353,5.795285019858529,,-0.170955497356058,-0.22232869411534614,MultiSeat,D00637.obj
1.1512692575608057,1.0866952318192964,2.0350481348329676,,-0.15122799657470493,-0.23618043110079937,MultiSeat,m774.obj
2.0204616348658013,1.2930079675952761,4.1885525792655764,,-0.15529441498567587,-0.2156787897922391,MultiSeat,m781.obj
2.4786902365723433,1.1443598486118736,5.926739521599339,,-0.15900615708912608,-0.23358221915828156,MultiSeat,m782.obj
1.4964959702156706,1.1659250865048654,4.753337766994057,,-0.17380664225066075,-0.24031718956194428,MultiSeat,m829.obj
0.8858928923085735,1.128845783541383,2.744011108293726,0.2384053669700057,0.052724457780074785,0.08092054424049842,Musical_Instrument,m629.obj
1.2388859541829709,1.2029530221643951,3.4209385212634844,0.2287370061613801,0.048467723410993355,0.08689436289814591,Musical_Instrument,m630.obj
1.0834536466329463,1.0977459022338096,2.7635375083118965,0.23384031839467953,0.04882924969640035,0.08164457850995231,Musical_Instrument,m631.obj
3.124688229928709,1.228945469683929,5.167453283825627,0.22343559597623136,0.04438734891788293,0.0871304667007631,Musical_Instrument,m632.obj
3.6879446250988437,1.2647200408221597,6.890123336548438,0.21549305342609407,0.04451569966632271,0.0784401432539306,Musical_Instrument,m637.obj
3.2054294784273267,1.3083014967084292,7.506798374310954,0.23472331456796683,0.04684088329948096,0.07894956508929099,Musical_Instrument,m639.obj
3.130655878800315,1.1752063349096213,5.999948827748162,0.2246585221627556,0.04999102371442519,0.08567070311420658,Musical_Instrument,m646.obj
3.861317366454378,1.2688411670712822,5.640195306360852,0.5799682192031558,0.7987341389241469,0.6408107561464093,NonWheelChair,D00185.obj
1.5550379240918017,1.0558044963908293,2.6344588832030436,0.6011414972146611,0.8486067294036925,0.6682548908066849,NonWheelChair,m793.obj
0.4923366998651802,1.0961334326843488,1.2264808826191258,0.5609915134452947,0.7683053270511279,0.7089777157448756,NonWheelChair,m795.obj
0.40152297207791604,1.0514015788262305,8.114356976239131,0.6347386938977889,0.8235104240968186,0.7610944012579357,NonWheelChair,m804.obj
1.3103840379187917,1.0866407165255474,1.2477419346749787,0.6252415986339092,0.7820076179635258,0.7231467689920716,NonWheelChair,m813.obj
1.0528620875243537,1.0194708403439303,1.6395727684436425,0.5802552598718643,0.8072161110431497,0.6735543296747748,NonWheelChair,m819.obj
1.300570632155198,1.0094531451948103,17.78294903324713,0.6530076846453642,0.8453907588672696,0.7474432877081517,NonWheelChair,m822.obj
2.1903465020262187,1.0000060804085826,1.6418596288718084,0.6787141790788411,0.8309394106348371,0.844731464041902,PianoBoard,D00008.obj
8.538912968042986,1.0762239200837522,5.917091730496227,0.6946988012028108,0.8312149658990415,0.7785484605494201,PianoBoard,D00104.obj
0.3231863965042884,1.0056186892632935,48.19556710641272,0.625403824649961,0.8851119438457723,0.7572973052449152,PianoBoard,D00212.obj
1.0622989606361477,1.076467084460269,9.307208971788642,0.6391407555969586,0.925250292566019,0.8683931294878251,PianoBoard,D00332.obj
0.12878134010152897,1.0432457904538521,47.840317883829854,0.6947674542299916,0.8732933773125685,0.8548442552532812,PianoBoard,D00623.obj
1.1699567551624739,1.0861352790637118,1.388802357563767,0.7033667564988733,0.8383422501935053,0.7629063956819175,PianoBoard,D00755.obj
1.347404643997309,1.0375397595397733,6.9151721586181125,0.5231132449035917,0.14047172055229626,0.3974598297697457,PlantIndoors,D00087.obj
0.75305834274961,1.017899211014165,12.745090551918988,0.49462236495523104,0.15116592529093342,0.393277402898723,PlantIndoors,m1004.obj
1.1054709596050383,1.1930563112305905,14.904840531768478,0.510360221841574,0.1936495135027383,0.436921899480901,PlantIndoors,m1005.obj
0.360438064071048,1.0426785053985295,15.685099698876757,0.4735661788839671,0.09260206793646474,0.37414370331885,PlantIndoors,m1006.obj
1.0187553653073782,1.0384603563338335,31.369166469409336,0.5132192957875934,0.15208541429083117,0.40718713627409253,PlantIndoors,m1010.obj
1.0593372281385673,1.206130921996685,12.70918828019631,0.5054242688324037,0.1544453285416269,0.4413202381449002,PlantIndoors,m1016.obj
0.6275279657949475,1.0005895255118344,19.617816717621427,0.5196871825178407,0.1523853211286751,0.41814863198303215,PlantIndoors,m1030.obj
3.0528547135821262,1.1944762691168902,4.74623963355973,0.2744812078258977,0.19411202643017203,0.17548482364256413,PlantWildNonTree,m961.obj
4.546701239088844,1.7032030662400968,1.4460117394292493,0.4046934369411282,0.23469707734258005,0.2358926529595689,PlantWildNonTree,m967.obj
1.7779371754614735,1.155367754779751,13.299501818557347,0.33639711416186474,0.21784041596648288,0.24483182378845042,PlantWildNonTree,m972.obj
1.9260607260342018,1.1795329274398325,26.53845235245737,0.30383236716213413,0.16453524911850317,0.18155594761013635,PlantWildNonTree,m974.obj
6.170309858706473,1.2614029056346816,6.0431581003082036,0.3273676319676616,0.19510188118252236,0.1779989908515781,PlantWildNonTree,m977.obj
1.2655416620456605,1.066886992579332,28.174598333776046,0.17159690947054393,0.09277996060511377,0.10012788203696173,PlantWildNonTree,m983.obj
0.36930646246185056,1.0015266948101744,60.04367655437848,0.3953705224578765,0.17908874714347672,0.4199912967442156,Quadruped,D00150.obj
0.8017415676557179,1.0014348215096502,19.67167077923939,0.34282701543675,0.21175730180099517,0.3639874172905897,Quadruped,D00934.obj
0.36054918196838825,1.0009775291210141,84.31709890617245,0.4448758811940492,0.23264401806091717,0.4234693237231253,Quadruped,m104.obj
0.3807199915494029,1.000328771848673,54.70787547808416,0.31550404593006043,0.08609338578413496,0.12364009185079927,Quadruped,m273.obj
0.41489364555942915,0.9927904715736914,35.47406411389139,0.5753465573683554,0.484636392168193,0.7707488313343022,Quadruped,m280.obj
0.6258567813641949,0.9916785073165376,18.774145824391496,0.39052646607388075,0.2509513625385073,0.40901041742457284,Quadruped,m92.obj
1.8737621375073317,1.1552362035014376,1.0929413331116835,0.4146077709602696,0.24426389838172052,0.44153475412923504,Quadruped,m94.obj
1.2603984334690994,1.1792330525661776,2.546309784485416,0.2196055777472069,0.02552276927697032,0.04795935272780217,RectangleTable,D00678.obj
0.6162999504650022,1.0050991490702006,5.278793135578372,0.17894937113688153,0.07828868682542345,0.10267105344645104,RectangleTable,m883.obj
1.3153966013267269,1.0002840833855862,1.3857770647422776,0.1901148308221373,0.07842185293851146,0.10886121569392193,RectangleTable,m891.obj
2.2355151022109183,1.3124798203768808,1.6705454578843433,0.30214283691777694,0.0801356790858397,0.11032029866014849,RectangleTable,m895.obj
2.072582195534962,1.0003127194195585,1.0697477495824432,0.19863345883780997,0.046924775089119096,0.10092293706373093,RectangleTable,m905.obj
2.6863717065145547,1.2503245932304334,3.8751622336214178,0.20465777686231645,0.07508649902651221,0.1089535747400548,RectangleTable,m910.obj
5.803753963167568,1.0776714687695848,11.491373189457283,0.05992208731330583,0.17788818431790143,0.18144319979729331,RectangleTable,m914.obj
3.7761023872372186,1.112941768191621,19.24919058555221,0.15002980575731226,0.32712075756596204,0.3148960966376726,Rocket,D00346.obj
4.870173151975209,1.2212777633839338,17.658679705797915,0.14570307579485703,0.3438606516181189,0.31525109331822676,Rocket,D00433.obj
4.230831681314075,1.2084421880487783,29.231003744920198,0.13810430306776847,0.32126277357264593,0.3056044085902848,Rocket,D00437.obj
7.279508845849723,1.344735888244649,6.345999449146553,0.148325082518891,0.32609766402029267,0.3261262488952259,Rocket,D00697.obj
1.3372575934615667,1.0293949105327826,9.598853587083598,0.15228899383674027,0.3494100740097678,0.29446194078748306,Rocket,D00851.obj
1.1055952737587018,1.0001419428371785,3.3501042736005964,0.13858306379386195,0.3252802200909743,0.32152926024439504,Rocket,D00975.obj
0.263670141756956,1.000016785317883,84.49384587243208,0.37566693426905806,0.20661630290498834,0.5336766865898386,RoundTable,D00107.obj
0.7512270301279824,0.9998980158132416,39.7176686250779,0.3855169431249291,0.19484984405589906,0.493947851696042,RoundTable,D00948.obj
0.4743536477886115,1.0000365947575862,61.78977101079803,0.4167588303670982,0.20518543649643528,0.5163978440291334,RoundTable,m924.obj
0.3310190801851066,0.9884826011768482,94.13030157370436,0.4359270815857849,0.18537218235097083,0.47830365785570655,RoundTable,m929.obj
0.2525834214918903,0.9980389830987909,99.0667450432165,0.4037419260847787,0.19823506605115626,0.5223638915530237,RoundTable,m931.obj
0.360942774253658,1.0092906397201404,617.8472128836543,0.4060888312754263,0.19764318442830847,0.5271023690500873,RoundTable,m933.obj
0.21553976368837843,1.0046985671399538,436.7351476893603,0.4403235009809922,0.212667438423377,0.5048198649666623,RoundTable,m935.obj
0.21205215655740767,1.0281511737055804,590.3275824892553,0.23123670241236624,0.2410288226761169,0.38353046324418427,Shelf,D00074.obj
0.3355734191721913,1.000209605665989,751.4580328678682,0.18853669760325906,0.15132347711966795,0.3124094594424075,Shelf,D00171.obj
3.2475153924669806,1.2700188186274366,33.38801169585811,0.07590161978925693,0.051042899124967296,0.062289683680630675,Shelf,m847.obj
1.4958257259386243,1.238060188535105,106.72631241515398,0.32218064602758173,0.39075319058706554,0.47992697724874545,Shelf,m849.obj
0.6268925042882677,1.0135596534828104,34.372086797925256,0.24151794252598122,0.263685879707116,0.32039188046398226,Shelf,m851.obj
1.0923720165875102,1.0072189146239807,50.96640452560421,0.2117147016157676,0.2506066834537088,0.3744683050643431,Shelf,m856.obj
0.898168333780496,1.0040881588292854,17.51871963620843,0.3136559333519922,0.41164735346097564,0.5591313591428725,Shelf,m863.obj
0.7883542785221396,1.005509120346868,20.796430011714897,0.8504073865431554,0.6800874720628087,0.875696380264005,Ship,m1457.obj
1.3291132568487356,1.0038883582446023,11.937468155396223,0.8240536122665404,0.7248443491089747,0.9015179247972783,Ship,m1462.obj
0.19042039511082948,0.9538749341625542,414.05691938661215,0.8678315871907856,0.7685491903479589,0.7950044681819272,Ship,m1463.obj
0.19288810543910515,0.9999745258903582,306.28913138433,0.797594198469429,0.6442056174014413,0.7661747689184095,Ship,m1466.obj
0.38747638640549137,1.001087798026958,91.74338356749742,0.7651607968927207,0.7610393307591945,0.8586255905118307,Ship,m1467.obj
0.2162020370742539,1.2512751367996746,889.237925855248,0.7234874796157548,0.6985084823648205,0.7697533972633684,Ship,m1469.obj
0.8989280518167728,1.017192526084344,11.485468432362689,0.8218948471615708,0.7085932650564131,0.9056054732332255,Ship,m1470.obj
0.35086520873759863,0.9987466090413816,88.78556419148184,0.45406261498512074,0.8816167394982731,0.5526196371318098,Sign,m1670.obj
0.5203388247443137,1.0096159854082127,30.49094689946634,0.5312773954726768,0.8290294644130264,0.559266331552625,Sign,m1671.obj
1.0638151726649347,1.0443755463193665,19.132261630915586,0.5446248828292287,0.9496079321336975,0.609101649701251,Sign,m1673.obj
1.2336553077187302,1.0137919310180163,66.62950731723109,0.5113978662467065,0.912697317735554,0.5528379236443453,Sign,m1680.obj
0.6787875918003562,1.020064079184637,19.36207743922174,0.45655655147762136,0.8928207262503127,0.6569270260471197,Sign,m1682.obj
2.8740385951252825,1.0250141100435457,6.98899648416929,0.5069042030305038,0.9461258558133139,0.5556168999007771,Sign,m1684.obj
1.81271867956906,0.9970139381738515,8.26618497583758,0.3871414554651603,0.3072008718571418,0.8004851536414603,Skyscraper,D00125.obj
2.600637761242524,0.9922045707406535,6.622180173331488,0.37546462047585644,0.28716995785159993,0.8632154580640986,Skyscraper,D00130.obj
0.5791184096748545,1.0040897108382796,97.1338359318919,0.38038456349113364,0.29701080259781976,0.9364896740938278,Skyscraper,D00589.obj
0.9610899865602489,1.008567785958454,104.14329404545731,0.349698388657413,0.27919014096568057,0.9487805094308857,Skyscraper,D00822.obj
0.6607568906528811,1.0012177362138397,53.34332307015529,0.36493582166472255,0.3013981474807705,0.7827528850397361,Skyscraper,D00872.obj
0.3456635395668597,1.0001915472675829,312.68674440478765,0.15467557326031048,0.05130545964043195,0.18373523962678764,Spoon,D00014.obj
0.861629312781151,1.000269002660567,92.4854277625485,0.15007547211325825,0.05546285222370949,0.19606991064147694,Spoon,D00497.obj
0.41238688541664503,1.0002839488464257,216.94406582312155,0.14528656365113574,0.055728673433466526,0.206044259260235,Spoon,D00517.obj
0.41673250853991467,1.000485348665091,193.72002986356188,0.1376819515492385,0.052431950916800384,0.17546379390821157,Spoon,D00562.obj
0.24252071213059426,1.000014757126052,1172.3812672395663,0.1425451802505606,0.05355719054965409,0.18842577623185044,Spoon,D00669.obj
0.16093591469600285,1.0000251259310908,536.2143628859537,0.14635240586833928,0.05850623947452838,0.17838637908062085,Spoon,D00674.obj
0.20436878764968935,1.0000653975518612,1160.6624899573526,0.1385639103874137,0.05018928916435194,0.20202786042810827,Spoon,D00683.obj
0.1640421558644135,1.0718259097658271,357.3897406716048,0.4248638808600015,0.27357638262616224,0.38200535992947454,Starship,m1353.obj
0.08016260762326485,1.0506935904703383,70.32119609548081,0.4183061220324851,0.2517838890565606,0.37436856282032605,Starship,m1365.obj
0.09851297111297573,1.0104853885900018,471.5120409944859,0.4712687807872155,0.25974221792852276,0.3602731159694459,Starship,m1366.obj
0.12207392339922553,1.0000478097747574,4185.188789907962,0.4704763905069035,0.24007040707271693,0.3849569113301704,Starship,m1375.obj
0.4756060414016468,1.1336017077375915,107.29296400547564,0.46115440265871477,0.32643414728579156,0.43597052175427164,Starship,m1382.obj
0.46292107721835435,1.0091575519963851,67.73967128052661,0.4600102804757819,0.18965578895538596,0.2938628684720915,Starship,m1386.obj
0.5090099173012141,1.0655877377331942,89.24158765455316,0.45713490838726867,0.17700527941753003,0.25081708632514954,SubmachineGun,D00064.obj
0.4612857290437252,1.0023224227787757,72.14845924111277,0.46236876566357227,0.18955617015873952,0.31705034994891546,SubmachineGun,D00256.obj
0.3742059325486753,1.0057397596560371,125.33697722974587,0.4326697013365124,0.0956600846050027,0.1891701227782023,SubmachineGun,D00371.obj
0.3075051564290239,0.9953915061143079,112.2982047567173,0.38625009583259584,0.16689696529534068,0.5436847968649767,SubmachineGun,D00459.obj
1.025309958706639,1.0101818504612756,38.171958188305325,0.4087453511913189,0.1619981143368968,0.32399245061075954,SubmachineGun,D00489.obj
1.153580467006813,1.0230522918532825,20.82593747727207,0.4197025732035842,0.15988780228434404,0.33080627659188216,SubmachineGun,D00878.obj
2.465820378481585,1.023259319473615,7.715096917990414,0.4029420022082963,0.14908675314674918,0.3021111114595357,SubmachineGun,D00960.obj
1.222362818464009,1.0475439127450394,19.83229403049142,0.4261247460195473,0.5070686350110419,0.6207229991202003,Sword,D00066.obj
1.307922636771102,1.0001094506329071,30.379666622897,0.4131251200598257,0.47433198094157863,0.643767775644358,Sword,D00195.obj
3.375279019910466,1.0138854052415225,7.627579753399779,0.42064807867602527,0.4692774662304836,0.6522266027319366,Sword,D00992.obj
3.0668182390026963,1.0281115380399817,9.33238481589308,0.4676203799108148,0.5296511801640176,0.5936349988286346,Sword,m687.obj
0.34623080772918086,1.0427199419573816,3.9554331950161306,0.4470715040381329,0.45841467925247253,0.6196886220618937,Sword,m688.obj
0.5707880091622556,1.0995093528204871,2.1045343952250395,0.3961681952652729,0.5127851806148139,0.5842948163363835,Sword,m698.obj
0.186360328002869,1.1573660228568659,3.7645166836993256,0.4335120997181094,0.4953053007022502,0.563913762626331,Sword,m701.obj
0.23529694611211116,1.0703716414203297,3.0056837122787496,0.6517358325318986,0.8711435770938138,0.8833521370037444,Tool,D01003.obj
0.6386519160385319,1.0016943826206353,3.4402761075753445,0.6128603110907529,0.7238404342712843,0.9168071599071886,Tool,D01084.obj
0.4212879528833696,1.0009043715022703,17.014923180675567,0.6121518325769877,0.8133241638376978,0.7715282274630401,Tool,D01111.obj
1.4211891087702733,1.0834777268486735,11.696270937997078,0.7092806240666119,0.7692709055496381,0.9095893856461088,Tool,D01131.obj
2.1620883423078756,1.0684821578550858,14.422212528447822,0.6533226455469522,0.7558096034593831,0.8327078003641403,Tool,m1100.obj
3.1110822845511548,1.0542610797150038,26.284845676055976,0.7064906521044972,0.7321872797588131,0.812164091113949,Tool,m1111.obj
2.3558711855574535,1.0270418641454888,16.69332940426716,0.7037065738230954,0.7702122296465184,0.861805384343483,Tool,m1117.obj
1.6716330006280686,1.0266407007547622,12.758612133315449,0.5122920629788051,0.8689233324536008,0.6693788491227541,Train,D01031.obj
2.2565441124895336,1.039504652715057,15.146771731521328,0.5833517530034075,0.9850226716904869,0.7115468294098477,Train,D01095.obj
1.9528725246434449,1.0334350207240708,13.297924782184673,0.5328756602313071,0.8708413996503939,0.7628449820049248,Train,D01163.obj
3.721608108730722,1.0776160444994654,9.668703967432538,0.5743832536953077,0.9631330506876117,0.700660643058693,Train,m1578.obj
1.8576339501638806,1.0210377227215,17.999858934233753,0.5320594354084531,0.9197444967551917,0.7576919581224406,Train,m1582.obj
2.7735789665235733,1.0486472835993663,5.61423823314043,0.586447852982673,0.8436373189280002,0.6846889548748011,Train,m1585.obj
1.8952892472681493,1.0317931653595436,25.546080150967533,0.5049298115753929,0.9462954413890708,0.7108298417207652,Train,m1586.obj
3.5210427089587517,1.1837949114490016,6.558024510639721,0.8295539976831567,0.47451957226802954,0.913563652185061,Tree,D00367.obj
3.3644042916550454,1.2354580350058038,1.1723018821727278,0.8497157220088972,0.47787591161836707,0.8409911498424426,Tree,D00385.obj
6.118818745855968,1.0043777036978732,2.3577924081388297,0.9058324128259759,0.43042748524198116,0.8289486718146334,Tree,D00439.obj
1.0735087324259371,0.9963314723896701,7.305852670867314,0.8642106983494324,0.5151473268789121,0.8661633268729773,Tree,D00533.obj
4.474748933585702,1.0447715242349327,2.186253642594007,0.8221952659824664,0.4425260563343698,0.7615621945003257,Tree,m1050.obj
2.793520569840889,1.1313803298258993,1.2966689823837243,0.8646175811057383,0.43321771577836893,0.8775707688174841,Tree,m1086.obj
3.3662125196429056,1.1947984667298102,2.1208024770751517,0.5510408360647903,0.881063855566939,0.7578883520066356,Truck,D00002.obj
3.9421301023523125,1.0309325348648721,1.4937744458970101,0.5981542882606021,0.8442944593494313,0.71535749580632,Truck,D00010.obj
0.8884000850593252,1.2226819634992665,51.671186635770376,0.6196594335157978,0.8814857062279544,0.7608134064762517,Truck,D00112.obj
0.4350065473756777,1.051334780573591,113.88865126590896,0.5427149475071011,0.8987381244756483,0.685511177684516,Truck,D00518.obj
0.5552479922221996,1.084740020155237,68.2849723198107,0.6090187761592906,0.8996306932267887,0.7380146540009926,Truck,D00987.obj
0.422036002632477,1.0081733418383318,70.2189188046277,0.6166691487587177,0.8288036485513094,0.800995486576603,Truck,m1571.obj
0.3663058119079741,1.0006737199619873,282.5551194182204,0.32012364244478975,0.34576321745471855,0.47164278691367106,TruckNonContainer,D00143.obj
0.5497822085757313,1.0007768735206244,99.32305308756317,0.3231634624343351,0.29716501036325565,0.41362893638187914,TruckNonContainer,D00215.obj
0.5595062230016224,1.002608602067838,29.382760829276087,0.29453633324190087,0.34319496818865425,0.4083090537644635,TruckNonContainer,D00353.obj
1.5500674713528686,1.0012647460409543,211.76167280941775,0.16232803128689527,0.1279989511440181,0.20472693820634374,TruckNonContainer,D00572.obj
2.5538768328676653,1.025996292528272,5.258371711019929,0.2908087714347915,0.2941138700961454,0.45944730216837093,TruckNonContainer,D00737.obj
5.18833738109705,1.0651117594034405,3.9214538210934236,0.28567912001057,0.3165180092471314,0.4724589004821426,TruckNonContainer,D00783.obj
3.88931512495454,1.0803801668417623,3.830860181240862,0.43529862429735083,0.5122471463462152,0.6568062836852604,TruckNonContainer,D00879.obj
2.8670705966699437,1.030912877392719,2.4056406481242196,0.3878765619486889,0.3629932751479457,0.40943792566523407,Vase,m527.obj
2.024529110434805,1.0093030986839993,21.486919437427918,0.44693236653579627,0.6097050237360087,0.7706433177234926,Vase,m529.obj
1.6695955338954884,1.0405324422339206,4.45223910892812,0.3619918875326226,0.35959094938943875,0.4943975666528805,Vase,m532.obj
1.249707152256542,1.0317236844456135,3.1337553933788924,0.40998726105686073,0.31169324394895326,0.4050935837365405,Vase,m538.obj
0.8982258018045617,1.0258433963786158,6.098715090722326,0.33340529006718755,0.0604604039140623,0.12943055144303203,Vase,m541.obj
1.0975756750908128,1.0091782928919562,4.357180831998144,0.41936278991096054,0.35795062990715515,0.4769746944676241,Vase,m542.obj
1.1945532236281289,1.0398372488518224,3.85189135475236,0.36211948084766,0.30266801418791545,0.4638722198958569,Vase,m547.obj
1.4750687877301412,1.0232820975265644,4.3791373101647215,0.7872874290404531,0.6565396547055397,1.041912733847956,Violin,D00349.obj
1.2098593167119476,1.0199380464039662,3.565833989707873,0.869450245938942,0.6973443380424451,0.8598288527320777,Violin,D00376.obj
