volume,surface_area,diameter,eccentricity,compactness,rectangularity,convexity,sphericity,elongation,obj_class,file_name
-0.6047,-0.7287,-0.7092,-0.3435,-0.7593,-0.078,0.1307,0.4824,0.6809,AircraftBuoyant,m1346.obj
-0.3637,-0.4667,-0.7854,-0.3528,-0.5621,-0.1578,0.6076,-0.0855,0.411,AircraftBuoyant,m1347.obj
-0.6069,-0.7284,-1.0292,-0.3437,-0.7572,-0.3113,0.1277,0.4718,0.0116,AircraftBuoyant,m1348.obj
-0.7323,-0.7735,-0.7521,-0.2824,-0.7136,0.8281,0.6354,0.2866,1.4856,AircraftBuoyant,m1351.obj
-0.4275,-0.4854,0.7487,-0.3776,-0.5271,-0.4978,-0.2427,-0.1393,-0.4291,AircraftBuoyant,m1352.obj
2.0903,3.1146,0.4722,-0.3547,4.3792,1.9872,0.9019,-0.7854,0.1114,Apartment,D00310.obj
0.5867,0.7823,-0.7154,-0.3422,0.7933,0.9321,0.9019,-0.6561,-0.3143,Apartment,D00859.obj
0.5214,1.3455,0.9242,-0.4051,2.9929,-0.2685,0.7504,-0.7628,-0.1438,Apartment,D00869.obj
0.4805,0.6836,-0.3844,-0.4159,0.7388,0.0044,0.9019,-0.6501,0.2568,Apartment,D00921.obj
-0.9144,-0.8936,-0.6333,0.2223,-0.7185,-0.0123,-0.4138,0.3048,0.2586,AquaticAnimal,m57.obj
-0.7304,-0.7753,-0.4772,0.0212,-0.719,-0.0647,-0.6661,0.3068,-0.9129,AquaticAnimal,m62.obj
0.1234,-0.1249,-0.1546,-0.4125,-0.4581,-0.7197,-0.0096,-0.2259,-0.9184,AquaticAnimal,m63.obj
-0.5821,-0.7086,-0.7012,-0.304,-0.7479,-1.0697,-0.6601,0.4277,-0.8837,AquaticAnimal,m73.obj
-0.9297,-0.975,-0.7037,-0.2393,-0.859,-0.7627,-1.1507,1.2818,-0.0609,AquaticAnimal,m74.obj
-0.8538,-0.9283,-0.7008,-0.2748,-0.8522,-0.8712,-0.9998,1.1986,-0.3159,AquaticAnimal,m76.obj
-1.0081,-1.0517,-0.457,-0.1145,-0.9093,-0.6215,-1.1114,2.2089,0.4854,AquaticAnimal,m79.obj
2.272,3.0616,0.7916,-0.3528,3.6688,0.9702,0.9019,-0.7755,-0.7001,Bed,D00184.obj
0.9794,1.7979,0.1286,-0.2979,3.0978,0.7183,0.9019,-0.7651,-0.8268,Bed,D00307.obj
0.0223,0.0689,1.3053,-0.3285,0.0193,-0.4391,-0.2933,-0.5116,-0.3528,Bed,D00538.obj
0.4992,0.633,1.2616,-0.2274,0.5727,0.0649,0.9019,-0.6292,0.1264,Bed,D00650.obj
0.769,1.3626,1.4957,-0.2465,2.1476,0.1357,0.9019,-0.7393,-0.2891,Bed,D00988.obj
-0.6953,-0.5522,-0.3538,0.0088,-0.2217,-0.9323,-1.1056,-0.4098,-0.7011,Bicycle,D00040.obj
-0.8247,-0.7986,-0.7644,0.0703,-0.6411,-1.0457,-1.7333,0.072,-0.3303,Bicycle,D00077.obj
-0.6491,-0.6409,-0.6955,0.2018,-0.5545,-0.7322,-0.7825,-0.0979,-0.2241,Bicycle,D00558.obj
-0.8275,-0.8938,0.1287,0.1469,-0.8223,-1.1372,-2.0336,0.8963,-0.7843,Bicycle,D00930.obj
-0.8821,-0.8904,-0.7442,0.3149,-0.7582,-1.0274,-1.7639,0.477,-0.1062,Bicycle,m1476.obj
-0.634,-0.5689,-0.5453,-0.2242,-0.4081,-0.7868,-0.776,-0.2766,-0.9142,Biplane,D00132.obj
-0.5575,-0.5548,-0.5813,-0.3672,-0.4997,-0.8546,-1.0073,-0.1763,-0.9075,Biplane,D00199.obj
-0.307,-0.2907,-0.5029,-0.3848,-0.2883,-0.8247,-0.6183,-0.37,-0.8024,Biplane,m1119.obj
-0.5072,-0.4852,-0.4105,-0.3546,-0.4207,-0.7103,-0.8288,-0.2646,-0.7994,Biplane,m1127.obj
0.2616,0.6291,-0.4138,-0.4062,1.0848,-0.8168,0.1975,-0.683,-0.6954,Bird,D00113.obj
-0.9304,-0.921,-0.6973,-0.3166,-0.7558,-0.8592,-1.6664,0.4649,-0.916,Bird,D00271.obj
-1.0837,-1.0691,-0.7349,0.3005,-0.8552,-0.4964,-1.3751,1.2344,0.3808,Bird,D00599.obj
-0.0661,-0.2754,-0.2837,-0.4092,-0.5268,-1.0882,-0.8024,-0.1397,-0.8725,Bird,m36.obj
-1.0349,-1.0715,1.1284,-0.3652,-0.9169,-1.3508,-2.6357,2.4219,-0.9188,Bird,m43.obj
-1.0543,-1.0516,-0.7661,-0.1562,-0.8604,-0.9014,-1.9296,1.2998,-0.7922,Bird,m47.obj
0.7292,0.7783,0.239,-0.3329,0.5371,2.6124,0.9019,-0.6241,0.9211,Bookset,D01038.obj
1.4915,1.6617,1.3839,-0.3891,1.3734,0.7571,0.9019,-0.7032,-0.0272,Bookset,D01078.obj
2.4995,3.3524,3.6298,-0.4128,4.0117,-0.0482,0.9019,-0.7807,-0.4618,Bookset,D01122.obj
-0.6447,-0.7462,-0.7187,-0.3326,-0.7527,0.3661,0.6018,0.4502,1.8511,Bottle,D00020.obj
-0.7197,-0.7763,-0.6868,-0.2781,-0.7319,0.4441,0.3666,0.3579,1.6325,Bottle,D00123.obj
0.813,0.6577,-0.4573,-0.3763,0.1774,1.0944,0.9019,-0.5563,0.4831,Bottle,D00166.obj
-0.4231,0.0248,-0.6594,-0.3586,1.1356,0.1284,0.9019,-0.687,0.8689,Bottle,D00176.obj
-0.4699,-0.4871,-0.5448,-0.3315,-0.478,0.3707,0.882,-0.2031,1.5638,Bottle,m482.obj
-0.6333,-0.6798,-0.5987,-0.3043,-0.6529,0.4774,0.6683,0.1013,2.7777,Bottle,m483.obj
-0.3793,-0.3274,-0.6179,-0.3264,-0.2584,0.4342,0.9019,-0.3887,0.8409,Bottle,m486.obj
0.4791,0.6166,2.4836,-0.3465,0.5676,-0.3001,0.8056,-0.6285,-0.7709,BuildingNonResidential,m384.obj
0.3586,0.1444,-0.023,-0.4085,-0.2456,-0.7161,-0.0072,-0.3963,-0.7688,BuildingNonResidential,m390.obj
2.9043,3.6854,2.7031,-0.4124,4.0377,-0.3422,0.9019,-0.781,-0.7463,BuildingNonResidential,m400.obj
1.1186,2.0626,0.6131,-0.405,3.6616,-0.2216,0.9019,-0.7754,-0.6168,BuildingNonResidential,m404.obj
-0.5678,-0.5957,0.4461,-0.1428,-0.5705,-0.4825,-0.5237,-0.0714,-0.2537,BuildingNonResidential,m409.obj
-0.8833,-0.608,-0.4336,-0.1517,0.3219,-0.1608,-1.0092,-0.5879,-0.3031,BuildingNonResidential,m412.obj
-0.5203,-0.4188,-0.5391,-0.243,-0.2317,0.9538,0.9019,-0.4043,2.1878,Bus,D00084.obj
-0.4725,-0.4758,-0.2906,-0.2751,-0.451,0.2769,0.4519,-0.2336,1.712,Bus,D00264.obj
0.0582,0.2388,-0.4478,-0.2742,0.3853,2.2767,0.9019,-0.5997,1.28,Bus,D00446.obj
-0.1702,-0.146,-0.158,-0.3321,-0.1714,0.7343,0.9019,-0.4358,1.5928,Bus,D00516.obj
-0.164,0.57,-0.5293,-0.2829,2.6156,1.8666,0.9019,-0.7537,1.7047,Bus,D00754.obj
-0.2027,-0.1914,-0.4586,-0.3194,-0.2236,1.2405,0.9019,-0.4088,1.5031,Bus,D00815.obj
0.3687,0.3416,-0.5415,-0.2631,0.109,0.8374,0.9019,-0.5385,0.3862,Car,D00377.obj
0.0599,-0.0959,-0.1758,-0.3523,-0.356,-0.1121,0.9019,-0.3213,0.4529,Car,D00785.obj
-0.2755,-0.3602,-0.4892,-0.2397,-0.468,0.3802,0.9019,-0.2148,1.1052,Car,m1519.obj
-0.1225,-0.2268,-0.3576,-0.3416,-0.3949,0.0072,0.9019,-0.2886,0.7038,Car,m1524.obj
0.3952,0.2999,-0.3001,-0.3305,-0.0086,0.3875,0.9019,-0.5023,0.4391,Car,m1542.obj
0.5101,0.6105,-0.3097,-0.2802,0.4985,1.2175,0.9019,-0.6184,0.5621,Car,m1548.obj
-0.2861,-0.1289,-0.3591,-0.1516,0.0847,0.2716,0.9019,-0.5316,0.6243,Cellphone,D00018.obj
-0.2665,-0.2357,-0.6372,-0.2875,-0.2263,0.5845,0.9019,-0.4073,0.9125,Cellphone,D00079.obj
-0.2477,-0.124,-0.3536,-0.2051,0.018,1.6542,0.9019,-0.5112,0.6943,Cellphone,D00192.obj
-0.8625,-0.8846,-0.7316,-0.2718,-0.7711,0.8043,0.3262,0.5442,2.1538,Cellphone,D00440.obj
-0.653,-0.6903,-0.9183,-0.335,-0.6497,0.7391,0.8087,0.093,1.0221,Cellphone,D00542.obj
-0.4352,-0.3739,-0.6381,-0.0822,-0.2757,1.7326,0.9019,-0.378,0.9275,Cellphone,D00848.obj
0.408,0.0969,0.1292,-0.3893,-0.361,-0.7058,0.6295,-0.3173,-0.7572,Chess,D01099.obj
-0.4211,-0.5756,-0.5177,-0.3538,-0.6821,-0.6376,0.0674,0.1823,-0.4088,Chess,D01112.obj
-0.2727,-0.4287,-0.2902,-0.3272,-0.585,-0.2742,0.5759,-0.0456,0.1238,Chess,m1604.obj
0.609,0.2888,-0.0363,-0.4008,-0.2408,-0.6912,0.9019,-0.3991,-0.8188,Chess,m1610.obj
-0.3339,-0.5077,-0.4848,-0.3631,-0.6524,-0.4255,0.3138,0.1,0.3071,Chess,m1613.obj
-0.38,-0.3473,3.2277,5.6269,-0.3041,2.514,-0.5926,-0.3594,-0.7895,City,D01039.obj
-0.6152,-0.6769,0.8492,0.2905,-0.6674,-0.4394,-0.6867,0.1398,-0.0438,City,D01103.obj
-0.8283,-0.2327,0.0333,4.8112,2.8973,2.9875,-0.3132,-0.7607,0.7117,City,D01173.obj
0.0619,0.1614,1.2583,-0.3401,0.1746,0.0573,0.9019,-0.5556,-0.4441,City,D01181.obj
0.0925,0.0437,1.7485,-0.2625,-0.1353,-0.482,0.5303,-0.4527,-0.6042,City,D01192.obj
-0.6246,-0.6914,0.8492,0.3675,-0.6829,-0.6381,-0.7185,0.1847,-0.8183,City,m1652.obj
0.812,0.6598,0.7941,-0.3907,0.1824,-0.4506,0.9019,-0.5575,-0.5911,ClassicPiano,D00009.obj
2.675,2.4931,2.2056,-0.3965,1.4637,-0.5661,0.9019,-0.7086,-0.8612,ClassicPiano,D00092.obj
1.6062,1.5027,2.4474,-0.3879,0.8485,-0.6251,0.9019,-0.6618,-0.7619,ClassicPiano,D00190.obj
1.2076,1.4222,-0.5206,-0.3182,1.2814,-0.0806,0.9019,-0.6973,-0.6101,ClassicPiano,D00561.obj
1.0751,2.0023,1.4457,-0.3819,3.5774,-0.4677,0.9019,-0.774,-0.7107,ClassicPiano,D00605.obj
1.7844,1.1957,1.8153,-0.406,0.1471,-0.7905,0.9019,-0.5486,-0.7918,ClassicPiano,D00811.obj
2.2812,1.928,1.2397,-0.4067,0.862,-0.0455,0.9019,-0.6632,-0.8834,Computer,D01100.obj
0.709,0.9628,0.2095,-0.3863,1.0352,-0.0517,0.9019,-0.679,-0.8234,Computer,D01164.obj
0.7343,0.6538,0.7074,-0.3971,0.2647,-0.494,0.7996,-0.5762,-0.7482,Computer,m1773.obj
3.6277,3.4008,3.9819,-0.4178,2.0617,-0.0032,0.9019,-0.7362,-0.8348,Computer,m1774.obj
-0.294,0.1798,0.4115,1.3078,1.2658,3.8797,0.9019,-0.6963,0.2098,ComputerKeyboard,D00676.obj
-0.5671,-0.5348,0.0103,2.3868,-0.4404,3.7778,0.9019,-0.2448,1.2182,ComputerKeyboard,D00990.obj
1.4737,1.4846,2.3314,-0.4201,0.9923,-0.8442,0.2082,-0.6753,-0.9156,Cup,D00214.obj
-0.5015,-0.564,-0.3398,-0.3031,-0.5884,0.1079,-0.0174,-0.0394,0.9577,Cup,D00355.obj
0.4267,0.0826,0.3599,-0.3992,-0.3953,-0.5898,0.673,-0.2882,-0.5919,Cup,D00638.obj
-0.3209,-0.4934,-0.5497,-0.3181,-0.642,0.4824,0.9019,0.074,0.8292,Cup,D00642.obj
0.8092,0.4145,0.609,-0.401,-0.2168,-0.3329,0.9019,-0.4125,-0.5228,Cup,D00882.obj
1.3458,0.8891,1.7026,-0.4123,0.0481,-0.4846,0.9019,-0.5208,-0.8455,Cup,m501.obj
0.3331,0.0205,-0.7737,-0.41,-0.4122,-0.5979,0.4699,-0.2727,-0.2667,Cup,m526.obj
-1.1167,-1.0554,-0.7414,0.1939,-0.7379,-0.8224,-2.2465,0.3828,0.9796,DeskLamp,D00330.obj
-1.094,-1.0864,-0.5328,0.0338,-0.8786,-0.7598,-1.8118,1.5677,0.8416,DeskLamp,D00531.obj
-0.8136,-0.835,-0.4749,-0.2836,-0.7347,-0.5579,-1.2325,0.3692,0.6666,DeskLamp,D00693.obj
0.1565,-0.121,-0.6735,-0.3912,-0.4782,-0.8499,-0.1124,-0.2029,-0.8862,DeskLamp,m603.obj
1.0036,0.6022,3.2901,-0.3838,-0.0981,-0.8404,0.0416,-0.4686,-0.4252,DeskLamp,m608.obj
-0.9257,-0.9842,2.542,0.0474,-0.8765,-1.1386,-2.2388,1.5326,-0.0397,DeskLamp,m613.obj
-0.1214,-0.0155,0.6968,-0.1043,0.0601,0.9243,0.9019,-0.5244,-0.3112,DeskPhone,D00154.obj
1.5176,1.4824,1.2367,-0.3575,0.9252,0.4509,0.9019,-0.6693,-0.6298,DeskPhone,D00556.obj
1.0037,0.8183,1.5383,-0.3665,0.2578,-0.1338,0.9019,-0.5747,-0.7737,DeskPhone,D00894.obj
-0.3612,-0.2812,-0.7242,-0.2219,-0.1763,0.3194,0.9019,-0.4334,0.0382,DeskPhone,D00897.obj
1.36,1.5397,0.5777,-0.3036,1.3024,0.8201,0.9019,-0.6987,-0.7245,DeskPhone,D00958.obj
-0.3061,-0.0351,0.4423,0.5447,0.4344,2.1974,0.9019,-0.6082,0.2284,Door,D01058.obj
-0.3566,0.3014,0.604,2.551,2.2853,2.6884,0.9019,-0.744,0.3288,Door,D01141.obj
-0.3558,0.3013,0.604,2.5381,2.2791,2.6082,0.9019,-0.7438,0.3099,Door,m1716.obj
-0.2822,-0.0222,0.7965,0.5422,0.4097,2.151,0.9019,-0.604,0.1705,Door,m1717.obj
0.0799,0.3933,3.3841,2.114,0.7993,3.4015,0.6065,-0.6567,-0.7623,Door,m1723.obj
0.6079,0.798,-0.2944,-0.3989,0.7936,0.111,0.9019,-0.6561,0.3272,Drum,D00026.obj
3.155,3.1624,2.3087,-0.422,2.205,-0.3977,0.9019,-0.7413,-0.9209,Drum,D00063.obj
0.4329,0.2959,-0.7213,-0.4123,-0.0596,-0.3478,0.6962,-0.4839,-0.7776,Drum,D00115.obj
2.4583,2.1762,0.4394,-0.4057,1.1163,0.0022,0.9019,-0.6855,-0.9212,Drum,D00551.obj
2.1915,1.8838,1.5836,-0.4016,0.8795,-0.2094,0.9019,-0.6649,-0.423,Drum,D00596.obj
0.7241,0.6657,-0.141,-0.3941,0.3021,-0.2273,0.8926,-0.5839,-0.9225,Drum,D00709.obj
-0.841,-0.8237,-0.7522,-0.2033,-0.6733,-0.7931,-0.6567,0.1564,-0.0426,Fish,D00022.obj
-0.896,-0.8844,-0.714,-0.2041,-0.726,-0.5862,-0.8062,0.3338,1.1544,Fish,D00030.obj
-0.7329,-0.6964,-0.6786,-0.2751,-0.5502,-0.8837,-0.9871,-0.1047,-0.3972,Fish,D00142.obj
-0.8444,-0.8455,-0.6792,-0.2116,-0.7161,-0.6606,-0.7872,0.2959,0.0838,Fish,D00165.obj
-0.7086,-0.6436,-0.6514,-0.1928,-0.461,-0.7403,-0.6951,-0.2227,-0.3152,Fish,D00351.obj
-0.8506,-0.8515,-0.7657,-0.2079,-0.7202,-0.6685,-0.7258,0.3112,0.1049,Fish,D00748.obj
-0.7952,-0.8136,-0.6425,-0.3373,-0.7156,-1.0518,-1.4988,0.294,-0.5901,Fish,D00950.obj
0.0768,0.106,-0.4689,-0.3816,0.0189,-0.7587,0.3164,-0.5115,-0.8459,FloorLamp,D00400.obj
-0.2166,-0.3355,0.1073,-0.4052,-0.4864,-0.7475,-0.215,-0.193,-0.6034,FloorLamp,D00495.obj
-0.963,-1.0193,-0.383,-0.3927,-0.8979,-1.3484,-2.6747,1.9344,-0.9098,FloorLamp,D00563.obj
0.3159,0.229,-0.5843,-0.3988,-0.0493,-0.5491,0.9019,-0.4878,-0.6243,FloorLamp,D00888.obj
-1.0808,-0.9281,-0.7039,-0.3033,-0.2871,-0.8403,-1.9965,-0.3707,2.067,FloorLamp,D00924.obj
-0.8949,-0.9332,-0.0764,-0.2123,-0.8233,-1.0879,-2.2573,0.9048,-0.7878,Glasses,D00050.obj
-1.0862,-1.1049,-0.7854,0.3388,-0.9235,-1.0941,-2.6045,2.6358,-0.5046,Glasses,D00432.obj
-0.9541,-0.8868,0.883,-0.367,-0.6224,-1.2357,-2.6876,0.029,-0.8023,Glasses,D00475.obj
-0.9916,-1.0266,2.448,-0.2869,-0.885,-1.2581,-2.7517,1.6781,-0.748,Glasses,D00813.obj
-1.0359,-1.0663,-0.5695,-0.2891,-0.908,-1.2178,-2.6524,2.1744,-0.9123,Glasses,D00877.obj
-1.1461,-1.1505,-0.7511,-0.0478,-0.9407,-1.2049,-2.8321,3.344,-0.8955,Glasses,D00883.obj
-0.9789,-0.952,-0.5654,-0.2073,-0.7502,-1.0577,-2.3125,0.4383,-0.8411,Glasses,D00937.obj
-0.8912,-0.7613,-0.7375,0.6389,-0.3751,1.3528,-0.0185,-0.3057,0.9074,Guitar,D00023.obj
-0.873,-0.7664,-0.7623,0.4561,-0.4471,0.4862,0.0489,-0.2378,0.4575,Guitar,D00416.obj
-0.7778,-0.6118,-0.7591,0.0646,-0.1866,1.3652,0.9019,-0.4283,0.6835,Guitar,D00534.obj
-1.0186,-0.8832,-0.7374,3.0697,-0.3947,1.5193,-0.3052,-0.2887,2.1288,Guitar,D00549.obj
-0.7122,-0.6853,-0.7711,0.1299,-0.558,0.4054,0.7048,-0.0922,0.4172,Gun,D00282.obj
-0.5493,-0.2917,-0.6873,0.0801,0.2653,1.2348,0.9019,-0.5763,-0.5456,Gun,D00425.obj
-0.4277,-0.2204,-0.6795,-0.1974,0.1487,0.8411,0.9019,-0.549,-0.7423,Gun,D00819.obj
-0.9668,-0.7931,-0.523,0.4569,-0.2078,1.4792,0.1812,-0.4173,1.2595,Gun,m668.obj
-1.1105,-1.0868,-0.6973,3.2827,-0.8521,1.2594,-0.7367,1.1975,1.2529,Gun,m671.obj
-1.0852,-1.098,-0.3876,0.8612,-0.9127,0.0361,-0.9403,2.3012,1.3299,Gun,m675.obj
-0.6551,-0.6918,-0.6244,-0.1514,-0.6501,0.4378,0.8123,0.0942,0.3427,Gun,m685.obj
-0.0328,-0.2468,-0.3015,-0.3428,-0.5115,-0.2667,0.9019,-0.1609,-0.1346,Hand,D01060.obj
0.3671,0.0601,-0.4525,-0.3652,-0.3821,-0.3005,0.9019,-0.2998,-0.8891,Hand,D01193.obj
-0.9177,-0.9753,-0.7245,0.0204,-0.8698,0.3206,-0.2329,1.431,2.1962,Hand,D01198.obj
0.3638,0.0591,-0.4526,-0.3657,-0.3809,-0.3629,0.9019,-0.3008,-0.8987,Hand,m327.obj
0.0898,-0.1685,-0.3497,-0.3512,-0.4947,0.0988,0.9019,-0.1827,-0.0429,Hand,m330.obj
1.2706,0.7149,0.1592,-0.4133,-0.1397,-0.7714,0.9019,-0.4507,-0.8229,Hand,m332.obj
-0.383,-0.5368,-0.6033,-0.3166,-0.6559,-0.4754,0.073,0.1089,-0.41,Hand,m336.obj
1.3577,1.2827,-0.778,-0.42,0.7266,-0.4314,0.9019,-0.6487,-0.8664,Hat,m1628.obj
0.5615,0.4164,-0.6513,-0.3875,0.017,-0.6133,0.9019,-0.5109,-0.7794,Hat,m1631.obj
0.2573,0.0995,1.3764,-0.4069,-0.2211,-0.8272,-0.0858,-0.4101,-0.8948,Hat,m1633.obj
1.8529,1.2195,-0.1881,-0.4099,0.1291,-0.5367,0.9019,-0.5439,-0.6752,Hat,m1635.obj
1.9154,1.2081,0.9291,-0.4087,0.0695,-0.6687,0.9019,-0.5272,-0.9201,Hat,m1636.obj
1.1114,0.6053,-0.7835,-0.4043,-0.1751,-0.3886,0.9019,-0.434,-0.6398,Hat,m1638.obj
1.3283,0.9296,0.16,-0.4177,0.1245,-0.6899,0.9019,-0.5427,-0.8936,Hat,m1639.obj
-0.9566,-0.9643,-0.5294,-0.3042,-0.8109,-1.1217,-2.1321,0.8031,-0.8197,Helicopter,D00470.obj
-0.8806,-0.8671,-0.7406,-0.361,-0.7105,-0.9183,-1.5962,0.2756,-0.3834,Helicopter,D00498.obj
-0.8721,-0.8552,-0.7631,-0.3542,-0.6969,-0.9782,-1.8217,0.2289,-0.8795,Helicopter,D00500.obj
-0.9969,-1.0082,-0.5684,-0.3682,-0.847,-1.1469,-2.2468,1.1381,-0.8781,Helicopter,D00658.obj
0.2943,0.3101,-0.5203,-0.4141,0.1471,-0.7231,0.4731,-0.5486,-0.8396,Helicopter,m1329.obj
-0.8719,-0.9094,-0.1533,-0.3839,-0.8058,-0.981,-1.8362,0.7647,-0.9096,Helicopter,m1336.obj
2.1565,2.3902,-0.4058,-0.417,2.0063,-0.0731,0.9019,-0.7341,-0.8122,House,D00325.obj
0.1058,0.2726,0.1061,-0.3241,0.3803,-0.1444,0.5933,-0.5988,0.1022,House,D00941.obj
-0.0141,0.3609,0.7156,-0.3964,0.9577,-0.5587,0.9019,-0.6723,-0.4466,House,m435.obj
1.0659,1.3271,1.6862,-0.3862,1.3032,-0.0925,0.9019,-0.6988,-0.4134,House,m440.obj
1.6152,1.5519,0.4357,-0.384,0.9371,0.8529,0.9019,-0.6704,-0.499,House,m447.obj
2.625,2.0373,-0.3337,-0.4173,0.711,-0.116,0.9019,-0.6469,-0.8856,HumanHead,D00013.obj
0.9981,0.5299,0.4823,-0.4136,-0.1965,-0.6963,0.4601,-0.4232,-0.913,HumanHead,D00072.obj
1.0704,0.5717,-0.6295,-0.4198,-0.1913,-0.7496,0.69,-0.4259,-0.8418,HumanHead,D00629.obj
2.0796,1.4784,1.2426,-0.4162,0.3237,-0.5717,0.9019,-0.5882,-0.6519,HumanHead,D00910.obj
1.3497,0.7677,1.8904,-0.412,-0.1242,-0.8825,0.2508,-0.4576,-0.7301,HumanHead,m359.obj
1.191,0.6448,0.5546,-0.4139,-0.1777,-0.7137,0.9019,-0.4327,-0.8261,HumanHead,m363.obj
0.827,0.3654,-0.6196,-0.4151,-0.2972,-0.7577,0.7468,-0.3641,-0.7477,HumanHead,m365.obj
-0.7508,-0.7681,-0.7471,0.1023,-0.6812,1.3272,0.9019,0.1796,1.7874,Humanoid,m134.obj
-0.6148,-0.5653,-0.7494,-0.2318,-0.4337,0.3296,0.6399,-0.2517,0.7215,Humanoid,m217.obj
-0.468,-0.5497,-0.4701,-0.2376,-0.5987,-0.9707,-0.9301,-0.0198,-0.7573,Humanoid,m241.obj
-0.3748,-0.5245,-0.7202,-0.2763,-0.6442,-0.4391,-0.5434,0.0796,-0.9221,Humanoid,m252.obj
-0.9834,-0.9594,-0.7007,-0.2197,-0.7606,-0.4485,-0.942,0.4887,-0.4924,Humanoid,m253.obj
-0.4864,-0.4662,-0.734,0.1911,-0.4097,-0.4204,-0.3123,-0.2751,-0.8866,Humanoid,m255.obj
-0.5689,-0.6236,-0.4605,-0.3509,-0.6219,-0.8883,-1.1158,0.028,-0.8741,Humanoid,m266.obj
-0.3215,-0.1951,-0.7587,-0.4073,-0.026,-1.1196,-1.1066,-0.4963,-0.8887,Insect,D00109.obj
-0.2935,-0.2956,-0.5419,-0.3991,-0.3184,-0.9589,-1.0776,-0.3495,-0.5957,Insect,D00117.obj
-0.5231,-0.5939,-0.3138,-0.3538,-0.6184,-0.8566,-1.1157,0.0204,-0.3524,Insect,D00672.obj
-0.7639,-0.746,-0.4809,-0.3869,-0.6161,-1.2447,-1.9638,0.0156,-0.8461,Insect,D00732.obj
-0.3872,-0.3286,-0.1236,-0.4046,-0.2479,-0.7621,-0.5461,-0.3949,-0.3696,Insect,D00753.obj
-0.2466,-0.3452,-0.3205,-0.3775,-0.4724,-0.9804,-1.072,-0.2098,-0.7813,Insect,m24.obj
-0.6294,-0.6566,-0.4351,-0.3161,-0.6133,-0.8675,-1.3719,0.0097,-0.8855,Jet,m1159.obj
-1.0355,-1.0617,-0.5954,-0.0204,-0.9008,-0.5206,-1.2665,1.9987,0.7333,Jet,m1185.obj
-0.9756,-0.9991,-0.6854,-0.2588,-0.8543,-0.9587,-1.334,1.2233,-0.192,Jet,m1190.obj
-0.873,-0.8677,-0.7304,-0.1458,-0.7232,-0.8166,-1.3059,0.3228,-0.7632,Jet,m1216.obj
-0.8503,-0.7519,-0.7481,0.3218,-0.4599,-0.9182,-1.2379,-0.2239,-0.5732,Jet,m1266.obj
-0.8964,-0.9089,-0.6735,-0.1636,-0.7768,-0.92,-1.2361,0.5764,-0.0887,Jet,m1275.obj
-0.8289,-0.7515,-0.7661,0.0079,-0.5098,-0.7458,-1.2579,-0.1632,-0.9131,Jet,m1292.obj
-0.9895,-0.9876,-0.6953,0.6384,-0.8149,0.7467,-0.0964,0.8349,2.5272,Knife,D01025.obj
-1.0745,-1.0711,0.498,7.2851,-0.8736,2.2837,-1.2136,1.4878,1.1856,Knife,D01187.obj
-1.1665,-1.1198,-0.766,0.2419,-0.8164,-0.4666,-1.7265,0.8469,1.3775,Knife,m723.obj
-0.9754,-0.964,-0.5812,4.1317,-0.7841,3.273,-0.0558,0.6195,1.3489,Knife,m726.obj
-0.8159,-0.8017,-0.2651,3.1489,-0.6621,1.8,0.0661,0.1254,-0.0939,Knife,m727.obj
-0.4269,-0.1985,-0.4044,-0.3536,0.2199,0.1812,0.9019,-0.5663,0.3075,MilitaryVehicle,D00017.obj
0.2055,0.465,-0.3992,-0.3541,0.711,0.462,0.9019,-0.6469,0.0477,MilitaryVehicle,D00334.obj
0.3829,0.5945,-0.6471,-0.3709,0.6941,0.1587,0.9019,-0.6448,-0.5849,MilitaryVehicle,D00529.obj
0.5172,0.7668,-0.7102,-0.3547,0.8919,0.6352,0.9019,-0.6661,0.4255,MilitaryVehicle,D00611.obj
0.4398,0.5261,0.3768,-0.3503,0.4142,0.4801,0.9019,-0.6048,-0.5337,MilitaryVehicle,D00799.obj
-0.0063,0.2298,-0.6827,-0.3586,0.5024,0.7917,0.9019,-0.619,1.0685,MilitaryVehicle,D00933.obj
0.397,0.5092,-0.2983,-0.3496,0.4461,-0.2744,0.9019,-0.6101,-0.8504,Monitor,D00141.obj
0.9865,1.053,2.4205,-0.2731,0.7633,-0.3227,0.9019,-0.6528,-0.8483,Monitor,D00339.obj
0.5773,1.2208,-0.4217,-0.3359,2.2444,-0.4647,0.9019,-0.7426,-0.8111,Monitor,D00915.obj
2.7796,2.905,1.1473,-0.3958,2.1972,0.9749,0.9019,-0.741,-0.5831,Monitor,D00919.obj
-0.1039,0.1737,0.6097,-0.0549,0.5722,0.2233,0.7463,-0.6291,-0.235,Monitor,D00920.obj
-0.8557,-0.8447,-0.7548,-0.2655,-0.6982,-0.7794,-1.6423,0.2332,-0.9121,Monoplane,D00011.obj
-0.5354,-0.5663,-0.6999,-0.2054,-0.5529,-0.6412,-0.9249,-0.1004,-0.9163,Monoplane,D00098.obj
-0.7859,-0.7839,-0.6301,-0.1115,-0.6669,-0.9256,-0.8391,0.1385,-0.1812,Monoplane,D00262.obj
-0.795,-0.4899,-0.7602,-0.122,0.4513,-0.621,-0.8804,-0.6109,-0.9125,Monoplane,D00482.obj
-0.5771,-0.5733,-0.7586,-0.1221,-0.5116,-0.5338,-0.815,-0.1607,-0.9178,Monoplane,D00840.obj
-0.7707,-0.7072,0.7682,-0.3245,-0.5085,-0.8643,-1.1758,-0.1649,-0.7184,Monoplane,D00864.obj
-0.9861,-0.9587,-0.6585,0.8811,-0.7541,-0.8735,-1.1855,0.4568,0.128,Monoplane,D00995.obj
0.7562,0.7355,-0.1085,-0.3263,0.4036,-0.2291,0.9019,-0.6029,-0.4686,Motorcycle,D00021.obj
0.6086,0.5626,-0.1277,-0.2988,0.2437,-0.4307,0.9019,-0.5717,-0.9078,Motorcycle,D00039.obj
-0.073,-0.102,-0.6186,-0.2831,-0.2149,-0.7058,0.9019,-0.4135,-0.6866,Motorcycle,D00342.obj
-0.0125,0.0233,-0.6451,-0.2921,-0.0307,-0.6828,0.886,-0.4946,-0.5597,Motorcycle,D00476.obj
0.1955,0.2169,-0.4183,-0.2944,0.0877,-0.3705,0.9019,-0.5325,-0.7049,Motorcycle,D00768.obj
-0.2141,-0.3516,-0.5583,-0.155,-0.5157,-0.5516,0.7485,-0.1552,-0.4969,Motorcycle,m1481.obj
0.1363,0.2931,-0.692,-0.2047,0.3747,-0.0545,0.9019,-0.5978,-0.7132,Motorcycle,m1482.obj
2.6489,1.9398,-0.1847,-0.4163,0.5436,-0.2706,0.9019,-0.6251,-0.9036,Mug,D00770.obj
2.1513,1.9322,-0.4533,-0.4158,1.0149,0.0082,0.9019,-0.6773,-0.9145,Mug,D00825.obj
0.899,0.4269,0.4634,-0.4178,-0.2652,-0.8101,0.1942,-0.3845,-0.7765,Mug,D00833.obj
2.3794,1.7749,-0.765,-0.4127,0.5191,-0.1157,0.9019,-0.6215,-0.9193,Mug,m503.obj
2.1153,1.7188,0.8298,-0.4209,0.6707,-0.1558,0.9019,-0.642,-0.8199,Mug,m507.obj
0.651,0.7449,0.1101,-0.3283,0.5846,1.0523,0.9019,-0.6308,0.4029,MultiSeat,D00145.obj
1.4642,1.4145,-0.0118,-0.3778,0.8561,0.3649,0.9019,-0.6626,-0.4121,MultiSeat,D00637.obj
0.1864,0.1185,1.3956,-0.3501,-0.1056,-0.5654,-0.4802,-0.4655,-0.5647,MultiSeat,m781.obj
-0.4373,-0.5863,0.2459,-0.3097,-0.6849,-0.414,-0.763,0.1907,0.0821,MultiSeat,m782.obj
0.1643,0.2421,-0.3982,-0.2087,0.195,1.192,0.9019,-0.5605,0.7565,MultiSeat,m829.obj
-1.0176,-0.8887,-0.7421,7.0692,-0.4245,3.5373,-0.3538,-0.2609,1.9791,Musical_Instrument,m629.obj
-0.8561,-0.7722,-0.8087,0.431,-0.5085,0.41,0.0357,-0.1649,0.0106,Musical_Instrument,m630.obj
-0.8625,-0.8193,-0.7505,0.5047,-0.6262,0.9109,0.5047,0.0374,0.4039,Musical_Instrument,m632.obj
-1.0195,-0.9323,-0.7266,3.5694,-0.5951,1.439,-0.9092,-0.0267,1.0525,Musical_Instrument,m637.obj
1.5077,1.7969,1.9751,-0.3865,1.6872,-0.4466,0.9019,-0.7203,-0.6928,Musical_Instrument,m646.obj
-0.2334,-0.3774,0.322,-0.4153,-0.5394,-0.5524,-0.6592,-0.1213,-0.8722,NonWheelChair,D00185.obj
0.6284,0.3271,2.9115,-0.3988,-0.1991,-0.9858,-0.5616,-0.4219,-0.8996,NonWheelChair,m793.obj
0.8238,0.6833,1.0546,-0.387,0.2129,0.3192,0.9019,-0.5647,-0.6149,NonWheelChair,m795.obj
0.1185,-0.0478,1.3164,-0.395,-0.3329,-1.0649,-0.5025,-0.339,-0.5665,NonWheelChair,m804.obj
-0.5339,-0.5973,0.851,-0.4099,-0.613,-0.6411,-1.1646,0.0091,-0.2294,NonWheelChair,m813.obj
-0.1632,-0.3095,1.781,-0.4024,-0.4949,-0.6298,-0.5171,-0.1825,-0.6007,NonWheelChair,m819.obj
-0.4117,-0.4919,0.4491,-0.4054,-0.5564,-0.8596,-1.1965,-0.0948,-0.6706,NonWheelChair,m822.obj
1.1496,1.1035,2.1055,-0.3978,0.6354,-0.2905,0.8138,-0.6376,-0.6863,PianoBoard,D00008.obj
1.2328,1.6458,2.5565,-0.3785,1.8427,0.2098,0.9019,-0.7274,-0.4874,PianoBoard,D00104.obj
1.221,1.2671,3.1035,-0.3745,0.887,0.0288,0.9019,-0.6656,-0.6084,PianoBoard,D00332.obj
1.2117,1.2051,1.4329,-0.386,0.7643,0.2088,0.9019,-0.6529,-0.3156,PianoBoard,D00623.obj
1.5653,1.7738,2.6082,-0.3891,1.5208,0.1611,0.9019,-0.7118,-0.4323,PianoBoard,D00755.obj
0.3762,-0.0543,-0.0657,-0.4115,-0.5377,-1.0461,-0.7677,-0.1238,-0.8196,PlantIndoors,D00087.obj
-0.5267,-0.6308,0.7116,-0.4207,-0.6767,-1.2375,-1.9639,0.1663,-0.8907,PlantIndoors,m1004.obj
-0.6003,-0.9324,-0.1209,-0.3633,-0.9579,-0.9628,-1.1778,4.4192,-0.1741,PlantIndoors,m1005.obj
0.3,0.0726,0.7774,-0.4189,-0.3072,-1.1298,-0.9345,-0.3573,-0.8702,PlantIndoors,m1006.obj
0.1018,-0.4464,-0.523,-0.4184,-0.8038,-0.9665,-0.7156,0.7504,-0.8545,PlantIndoors,m1010.obj
-0.2532,-0.255,-0.6475,-0.2992,-0.2885,-0.9564,-0.7985,-0.3698,-0.8504,PlantIndoors,m1016.obj
0.826,0.4547,-0.7661,-0.418,-0.1719,-0.7396,0.8503,-0.4356,-0.9029,PlantIndoors,m1030.obj
-0.9346,-1.028,-0.6956,-0.0738,-0.9274,-0.6992,-1.5049,2.7758,0.0137,PlantWildNonTree,m967.obj
-0.7134,-0.5244,-0.3111,-0.3615,-0.0702,-1.0871,-1.6715,-0.4798,-0.7338,PlantWildNonTree,m972.obj
-1.1583,-1.185,-0.2364,0.0344,-0.9833,-1.109,-2.2589,7.6037,0.8007,PlantWildNonTree,m974.obj
-0.0652,-0.3549,0.315,-0.42,-0.6358,-1.0196,-1.0806,0.0594,-0.8082,PlantWildNonTree,m983.obj
0.0364,-0.2176,-0.3203,-0.376,-0.5236,-0.5506,0.5501,-0.1443,-0.3865,Quadruped,D00150.obj
-0.545,-0.688,-0.5415,-0.3373,-0.747,-0.7338,-0.7526,0.4234,-0.5854,Quadruped,D00934.obj
-0.2981,-0.448,1.7958,-0.3213,-0.5929,-0.6031,-0.0389,-0.0309,-0.2267,Quadruped,m104.obj
-0.9476,-1.0003,-0.2305,-0.315,-0.8825,-0.6048,-0.177,1.633,1.0812,Quadruped,m273.obj
-0.4266,-0.4659,-0.3127,-0.1962,-0.4909,-0.389,-0.1078,-0.1875,-0.6629,Quadruped,m280.obj
-0.2517,-0.4442,1.8211,-0.3369,-0.6252,-0.8571,-0.7614,0.0352,-0.5834,Quadruped,m92.obj
-0.7469,-0.7879,-0.7587,-0.2861,-0.7237,-0.3326,-0.4719,0.3247,0.018,Quadruped,m94.obj
0.8404,1.1453,1.6748,-0.3937,1.2676,-0.1681,0.9019,-0.6964,-0.4633,RectangleTable,D00678.obj
0.0849,0.1275,1.1839,-0.3326,0.0554,-0.2643,0.1995,-0.523,-0.0459,RectangleTable,m891.obj
0.0973,0.2635,1.4872,-0.236,0.3725,-0.2414,0.342,-0.5974,-0.2017,RectangleTable,m895.obj
-0.3422,-0.2775,0.0734,-0.2215,-0.2006,0.1428,0.2267,-0.4211,1.0814,RectangleTable,m914.obj
-0.9981,-0.9932,-0.747,0.0106,-0.8149,0.2886,-0.0666,0.8347,3.625,Rocket,D00346.obj
-0.5731,-0.6492,-0.7481,-0.2866,-0.6627,0.5033,0.9019,0.1269,2.141,Rocket,D00433.obj
-0.981,-0.9848,-0.762,-0.036,-0.8207,-0.4369,-1.571,0.8827,1.5625,Rocket,D00697.obj
-0.907,-0.957,-1.9968,-0.1698,-0.8509,1.7022,0.4493,1.1831,3.7547,Rocket,D00851.obj
-0.7266,-0.7876,-0.9866,-0.2925,-0.7443,0.5159,0.4061,0.411,0.9012,Rocket,D00975.obj
-0.1451,0.2037,1.1823,-0.4222,0.7964,-1.1239,-1.6444,-0.6564,-0.918,RoundTable,D00107.obj
-0.2673,-0.2858,1.4763,-0.4117,-0.334,-1.1548,-1.6351,-0.3381,-0.915,RoundTable,D00948.obj
-0.7597,-0.7897,-0.7603,-0.3984,-0.7123,-1.016,-1.251,0.2819,-0.5395,RoundTable,m924.obj
-0.2534,-0.2395,-0.7632,-0.4198,-0.2546,-1.1462,-1.4711,-0.391,-0.9162,RoundTable,m929.obj
0.633,0.4916,3.1559,-0.4179,0.0747,-0.9554,-0.8063,-0.5287,-0.9136,RoundTable,m931.obj
0.7617,0.3619,-0.7622,-0.4223,-0.255,-0.7997,0.2379,-0.3907,-0.8882,RoundTable,m933.obj
0.9344,0.8497,2.3758,-0.4016,0.4009,-0.9865,-0.3469,-0.6024,-0.9223,RoundTable,m935.obj
0.8546,1.706,0.6514,-0.2868,3.1904,3.0064,0.9019,-0.767,0.2589,Shelf,D00171.obj
2.1305,2.5873,2.0112,-0.2983,2.5743,2.8067,0.9019,-0.7526,-0.37,Shelf,m847.obj
1.6643,2.0791,1.8501,-0.2156,2.1383,3.324,0.9019,-0.739,-0.3401,Shelf,m849.obj
-0.1401,-0.2156,-0.3972,-0.3603,-0.3546,-0.5312,0.4147,-0.3223,-0.4127,Ship,m1457.obj
-0.6157,-0.4055,-0.7644,-0.406,0.0557,-1.06,-1.4651,-0.5231,-0.8857,Ship,m1462.obj
-0.7385,-0.6951,-0.7628,-0.1534,-0.5373,2.0385,0.9019,-0.1244,2.6889,Ship,m1466.obj
-0.9483,-0.9091,-0.7657,0.0218,-0.6973,0.1763,-0.1215,0.2303,1.7181,Ship,m1467.obj
-1.0118,-1.0239,-0.766,0.2624,-0.859,0.431,-0.3816,1.2819,2.5824,Ship,m1469.obj
-1.0564,-1.0861,-0.766,0.297,-0.9208,1.1759,-0.1741,2.5468,3.5533,Ship,m1470.obj
-1.0055,-1.0174,-0.5471,4.0469,-0.8541,1.9268,-0.4449,1.2209,1.4774,Sign,m1670.obj
-1.0814,-1.1156,-0.7072,2.7756,-0.9442,0.6591,-1.1027,3.5252,1.5232,Sign,m1671.obj
-1.1289,-1.1291,-0.4128,3.6752,-0.9202,-0.0196,-1.6501,2.5267,0.8966,Sign,m1673.obj
-1.07,-1.0201,-0.7635,5.0858,-0.7499,2.505,-1.2187,0.437,1.0089,Sign,m1680.obj
0.2651,1.2968,2.623,-0.1851,4.1259,-0.1094,0.1795,-0.7822,-0.7819,Sign,m1682.obj
-0.1114,-0.0969,2.2218,0.3532,-0.1504,1.1109,-0.071,-0.4458,-0.8798,Sign,m1684.obj
-0.8135,-0.7873,-0.5959,-0.1783,-0.6329,-0.0883,0.4254,0.0528,1.9379,Skyscraper,D00125.obj
-0.7068,-0.4171,-0.6755,-0.0506,0.3608,1.2751,0.9019,-0.5953,2.3112,Skyscraper,D00130.obj
-0.5756,-0.5725,-0.7148,-0.3016,-0.5119,2.2283,0.9019,-0.1603,3.0831,Skyscraper,D00589.obj
-0.2668,-0.146,-0.7173,-0.3373,-0.0031,2.4137,0.9019,-0.5042,1.4434,Skyscraper,D00872.obj
-1.1274,-1.1355,-0.7969,2.5918,-0.9341,0.7627,-0.5997,3.0427,3.7428,Spoon,D00014.obj
-1.1472,-1.1336,-0.7645,1.7987,-0.9035,0.3164,-1.3397,2.0617,2.4723,Spoon,D00497.obj
-1.0464,-0.9788,-0.7385,0.2433,-0.6784,-0.1075,-0.9222,0.1712,1.6714,Spoon,D00517.obj
-0.419,-0.5712,0.0655,-0.3464,-0.6773,-0.6438,-0.0045,0.1681,-0.4616,Spoon,D00669.obj
-0.959,-1.0079,-0.768,0.2273,-0.8845,-0.3776,-1.0717,1.6682,-0.0753,Spoon,D00674.obj
-0.7889,-0.873,-0.6459,-0.209,-0.8232,0.1619,0.5251,0.9038,2.1499,Spoon,D00683.obj
-0.5,-0.4431,-0.2092,-0.2882,-0.3331,-0.3895,-0.0711,-0.3388,0.3564,Starship,m1353.obj
-0.4399,-0.3251,-0.5443,0.0571,-0.1395,-0.1293,-0.0477,-0.4508,-0.6668,Starship,m1365.obj
-0.7005,-0.7455,-0.5143,-0.286,-0.6979,-0.5279,-0.6328,0.2321,0.3702,Starship,m1366.obj
1.1148,0.9994,-0.5444,-0.3793,0.4702,0.0729,0.9019,-0.614,-0.9225,Starship,m1375.obj
0.3958,0.1552,-0.7863,-0.3695,-0.2626,-0.418,0.9019,-0.3862,-0.922,Starship,m1382.obj
0.5897,0.7818,-0.7176,-0.3816,0.7861,-0.3671,0.9019,-0.6553,-0.8757,Starship,m1386.obj
-0.8562,-0.8259,-0.7148,0.2824,-0.6538,-0.4696,-0.3903,0.1036,0.2554,SubmachineGun,D00064.obj
-0.5701,-0.5164,-0.6586,0.3482,-0.3911,0.4121,0.2301,-0.292,-0.2625,SubmachineGun,D00256.obj
-0.8405,-0.7457,-0.752,-0.0386,-0.4653,0.3325,0.6009,-0.2178,1.2342,SubmachineGun,D00371.obj
-1.0783,-1.0133,-0.7637,1.8675,-0.7054,0.3442,-0.7963,0.2576,1.1978,SubmachineGun,D00459.obj
-0.5978,-0.6005,-0.7628,0.253,-0.5404,0.4983,-0.0446,-0.1198,-0.7358,SubmachineGun,D00489.obj
-0.9984,-0.959,-0.7626,1.1623,-0.7318,1.2437,-0.3417,0.3572,1.0035,SubmachineGun,D00878.obj
-0.9624,-0.9522,-0.76,0.9595,-0.7774,0.8822,-0.6969,0.5796,0.5375,SubmachineGun,D00960.obj
-1.1568,-1.1588,-0.7733,3.5559,-0.9439,0.8104,-0.8618,3.5078,2.2457,Sword,D00195.obj
-1.2219,-1.1957,-0.19,2.9792,-0.9186,-0.9322,-2.493,2.4764,0.6913,Sword,m698.obj
-0.8401,-0.9087,0.8924,0.3575,-0.8343,1.1351,-0.2792,1.006,2.4201,Tool,D01003.obj
-0.8393,-0.9188,-0.6153,0.0671,-0.8498,0.1395,-1.0228,1.1698,-0.216,Tool,D01084.obj
-0.8057,-0.8821,0.076,0.2249,-0.823,-0.0546,-1.4244,0.9022,-0.2917,Tool,D01111.obj
-0.8419,-0.9201,-0.7375,0.0994,-0.8496,0.2299,-0.8699,1.1683,-0.0696,Tool,D01131.obj
-0.9558,-0.9904,-0.6935,0.4958,-0.8595,-0.6319,-1.3191,1.2892,-0.2828,Tool,m1111.obj
-1.0544,-1.0413,-0.745,0.3909,-0.8375,0.1318,-0.526,1.0375,0.5907,Tool,m1117.obj
-0.595,-0.4727,-0.6383,-0.1483,-0.2227,1.9743,0.9019,-0.4093,3.093,Train,D01031.obj
-0.431,-0.3689,-0.4768,-0.277,-0.2707,0.7666,0.9019,-0.3812,1.0928,Train,D01095.obj
0.1409,0.6748,-0.4742,-0.3736,1.6369,0.8196,0.9019,-0.7179,0.8897,Train,D01163.obj
-0.3732,-0.3145,-0.1694,-0.2846,-0.2377,0.8536,0.9019,-0.4009,0.6501,Train,m1578.obj
-0.382,-0.2438,-0.7648,-0.2077,-0.0341,1.9532,0.9019,-0.4933,2.0971,Train,m1582.obj
0.7287,1.4072,-0.5919,-0.3743,2.4445,1.6646,0.9019,-0.7489,0.4224,Train,m1585.obj
0.3025,1.153,-0.4133,-0.3616,3.1117,0.9005,0.9019,-0.7654,0.1444,Train,m1586.obj
-0.7269,-1.0117,-0.2299,-0.4009,-0.978,-1.2316,-2.0171,6.6697,-0.9165,Tree,D00367.obj
-0.2402,-0.7789,-0.7449,-0.405,-0.9394,-0.817,-0.1637,3.2823,-0.5322,Tree,m1050.obj
-0.6983,-0.9662,-0.7548,-0.2704,-0.9576,-0.4192,-0.1833,4.3957,0.6771,Tree,m1086.obj
-0.1836,-0.1705,0.2816,-0.3439,-0.2057,-0.0068,0.4968,-0.4185,0.8511,Truck,D00002.obj
0.2745,0.4332,0.0934,-0.3242,0.4766,0.7805,0.9019,-0.615,0.7608,Truck,D00010.obj
0.5351,1.1882,-0.0851,-0.2372,2.2652,2.3956,0.9019,-0.7433,1.3316,Truck,D00112.obj
0.1374,0.5873,-0.4267,-0.3076,1.3077,1.7344,0.9019,-0.6991,1.1061,Truck,D00518.obj
-0.0661,0.04,-0.4318,-0.3366,0.0999,0.5821,0.9019,-0.5359,0.6318,Truck,D00987.obj
0.4291,0.5362,-0.2608,-0.3328,0.4566,0.755,0.9019,-0.6118,0.4284,Truck,m1571.obj
0.0369,0.2667,-0.3465,-0.3326,0.5119,0.2913,0.9019,-0.6204,0.5014,TruckNonContainer,D00215.obj
1.2171,1.674,0.208,-0.3592,1.9633,0.2295,0.9019,-0.7324,-0.3448,TruckNonContainer,D00353.obj
-0.0929,0.1909,-0.5021,-0.2981,0.5991,0.9005,0.9019,-0.6328,1.4412,TruckNonContainer,D00572.obj
0.713,0.9203,-0.152,-0.3889,0.9128,0.0098,0.9019,-0.6681,0.0858,TruckNonContainer,D00737.obj
0.1328,0.2209,-0.3671,-0.2427,0.1973,0.3083,0.9019,-0.561,0.5864,TruckNonContainer,D00783.obj
1.6067,1.5031,1.5407,-0.3845,0.8486,0.0528,0.9019,-0.6619,-0.442,TruckNonContainer,D00879.obj
1.9606,1.3898,2.1973,-0.4216,0.2892,-0.8761,0.5409,-0.5813,-0.8855,Vase,m527.obj
3.3884,3.5617,-0.7073,-0.4122,2.7489,-0.2127,0.9019,-0.7571,-0.8782,Vase,m529.obj
-0.2898,-0.4746,-1.0053,-0.3772,-0.6392,-0.3858,0.6716,0.0673,-0.2043,Vase,m532.obj
2.9017,2.2732,-0.2094,-0.4141,0.8355,-0.1119,0.9019,-0.6605,-0.8899,Vase,m538.obj
1.5719,0.9355,0.9396,-0.4207,-0.0549,-0.8651,0.5656,-0.4857,-0.9214,Vase,m541.obj
2.047,1.3867,1.6788,-0.4148,0.2178,-0.4931,0.9019,-0.5658,-0.7821,Vase,m542.obj
2.5479,1.8494,-0.3779,-0.4192,0.4921,-0.5359,0.9019,-0.6174,-0.9213,Vase,m547.obj
-0.6113,-0.5802,2.0293,-0.0509,-0.4753,-0.0971,0.0868,-0.2064,0.9168,Violin,D00349.obj
-0.9533,-0.941,-0.1218,0.4058,-0.7659,0.299,-0.4907,0.5163,1.0195,Violin,D00376.obj
-0.8464,-0.8453,0.2975,0.0711,-0.7128,-0.0024,-0.2067,0.284,0.3396,Violin,D00506.obj
-0.9496,-0.9513,-0.6636,0.0834,-0.7935,0.0628,-0.4017,0.6792,1.149,Violin,D00602.obj
-1.0053,-0.9936,-0.7557,1.6691,-0.805,0.3069,-0.664,0.7592,0.5994,Violin,D00701.obj
-0.8556,-0.8544,-0.7589,0.2681,-0.7194,0.8373,0.0342,0.3081,1.2292,Violin,D00891.obj
-0.8953,-0.8424,-0.7334,-0.2144,-0.6238,-0.1409,-0.0356,0.0322,0.838,Violin,D00993.obj
-0.1344,-0.0539,-0.7538,1.1184,-0.013,0.7211,0.132,-0.5008,-0.9226,Wheel,m735.obj
1.0575,0.745,-0.4242,-0.3914,0.0762,-0.6307,0.9019,-0.5292,-0.9224,Wheel,m738.obj
3.3048,2.8409,0.051,-0.4014,1.389,0.2391,0.9019,-0.7042,-0.917,Wheel,m740.obj
2.2965,1.8077,0.2429,-0.4021,0.6437,0.0713,0.9019,-0.6386,-0.9223,Wheel,m744.obj
1.2442,0.9941,-0.3781,-0.4125,0.3122,-0.5535,0.9019,-0.586,-0.9191,Wheel,m746.obj
0.414,0.3237,-0.6494,-0.2725,0.0146,0.79,0.9019,-0.5101,-0.9226,Wheel,m747.obj
0.2376,0.0386,-0.2574,-0.3976,-0.3044,-0.4913,0.8697,-0.3592,-0.5677,WheelChair,D00070.obj
-0.1756,-0.2928,-0.368,-0.4072,-0.4549,-0.7383,-0.3772,-0.2294,-0.8808,WheelChair,D00088.obj
-0.4861,-0.5724,-0.4437,-0.3854,-0.6193,-0.9551,-0.9957,0.0223,-0.7552,WheelChair,D00365.obj
-0.2666,-0.4138,-0.6518,-0.3981,-0.5673,-0.6371,-0.1756,-0.0767,-0.5918,WheelChair,D00499.obj
-0.2062,-0.3332,-0.2567,-0.4023,-0.4928,-0.8402,-0.8155,-0.1851,-0.7716,WheelChair,D00526.obj
0.0312,-0.1159,-0.478,-0.3977,-0.3613,-0.3944,0.6712,-0.3171,-0.3242,WheelChair,D00720.obj
-0.1825,-0.3245,-0.5159,-0.4039,-0.5012,-0.7636,-0.4389,-0.1745,-0.7367,WheelChair,D00846.obj
