file_name,obj_class,volume,surface_area,diameter,eccentricity,compactness,rectangularity,convexity,elongation,A3,D1,D2,D3,D4
m1352.obj,AircraftBuoyant,0.7941,0.8215,1.2377,0.1154,0.6277,1.3285,1.1464,0.8282,0.0048,0.008,0.0156,0.0157,0.0105
m1344.obj,AircraftBuoyant,0.0414,0.386,0.2623,0.1539,0.6017,1.6277,0.2894,1.2438,0.0086,0.0283,0.015,0.0075,0.0053
m1346.obj,AircraftBuoyant,0.9714,1.0651,0.2976,0.0812,0.8602,0.9085,0.7726,0.2822,0.0066,0.0063,0.0084,0.0129,0.0084
m1351.obj,AircraftBuoyant,1.0991,1.1099,0.2847,0.0201,0.8144,0.0019,0.2676,1.0872,0.0116,0.0091,0.0085,0.0143,0.0092
m1348.obj,AircraftBuoyant,0.9736,1.0648,0.2039,0.0814,0.858,1.1419,0.7756,0.3873,0.0056,0.0061,0.0095,0.0129,0.0087
m1347.obj,AircraftBuoyant,0.7302,0.8028,0.2325,0.0905,0.6628,0.9884,0.2954,0.0123,0.0033,0.0089,0.0069,0.008,0.0023
D00310.obj,Apartment,1.7267,2.7831,0.9401,0.0924,4.2833,1.1577,0.0009,0.2875,0.0037,0.0055,0.0069,0.0047,0.0028
D00869.obj,Apartment,0.156,1.0118,1.3921,0.1429,2.8957,1.0991,0.1524,0.5428,0.007,0.0067,0.0056,0.0044,0.013
D00859.obj,Apartment,0.2213,0.4478,0.2479,0.0799,0.694,0.1021,0.0009,0.7134,0.0041,0.0084,0.0076,0.0054,0.0015
D00921.obj,Apartment,0.115,0.349,0.0833,0.1536,0.6394,0.826,0.0009,0.142,0.0062,0.0194,0.0122,0.0025,0.008
m76.obj,AquaticAnimal,1.2208,1.265,0.2332,0.0124,0.9532,1.7021,1.9041,0.715,0.0086,0.0055,0.0094,0.0153,0.015
m74.obj,AquaticAnimal,1.2968,1.3117,0.2361,0.0232,0.9599,1.5935,2.0551,0.4598,0.0109,0.0062,0.0104,0.0171,0.0158
m79.obj,AquaticAnimal,1.3753,1.3885,0.0107,0.1481,1.0103,1.4523,2.0158,0.0867,0.0164,0.0095,0.0075,0.0188,0.0162
m57.obj,AquaticAnimal,1.2815,1.2303,0.1432,0.4852,0.8193,0.8427,1.3176,0.1402,0.0119,0.0077,0.0089,0.0151,0.0166
m62.obj,AquaticAnimal,1.0972,1.1118,0.3223,0.2839,0.8198,0.8952,1.5701,1.3121,0.0054,0.0064,0.0143,0.0122,0.0155
m63.obj,AquaticAnimal,0.2425,0.4605,0.3131,0.1503,0.5586,1.5505,0.9131,1.3177,0.0087,0.0212,0.0184,0.0138,0.005
m73.obj,AquaticAnimal,0.9488,1.045,0.2337,0.0417,0.8488,1.9007,1.5641,1.2829,0.0059,0.007,0.0068,0.0088,0.0084
D00538.obj,Bed,0.3437,0.2664,1.7733,0.0662,0.0808,1.2698,1.197,0.7519,0.0088,0.0288,0.0084,0.0141,0.0196
D00650.obj,Bed,0.1337,0.2984,1.7297,0.035,0.4731,0.7655,0.0009,0.2725,0.0045,0.0093,0.003,0.0051,0.0016
D00307.obj,Bed,0.6145,1.4647,0.5964,0.0356,3.0006,0.1118,0.0009,1.2261,0.0045,0.0034,0.0057,0.0042,0.0024
D00988.obj,Bed,0.4038,1.0289,1.9638,0.0159,2.0496,0.6947,0.0009,0.6881,0.0034,0.0087,0.0022,0.0037,0.003
D00184.obj,Bed,1.9086,2.73,1.2596,0.0905,3.5722,0.1402,0.0009,1.0993,0.0056,0.0032,0.0058,0.0037,0.0054
D00558.obj,Bicycle,1.0159,0.9772,0.228,0.4647,0.6551,1.563,1.6866,0.6232,0.0074,0.0072,0.006,0.006,0.0145
m1476.obj,Bicycle,1.2491,1.227,0.2767,0.5779,0.8591,1.8584,2.6688,0.5052,0.0066,0.0076,0.0078,0.0059,0.013
D00077.obj,Bicycle,1.1917,1.1351,0.2968,0.333,0.7419,1.8767,2.6382,0.7294,0.0069,0.0071,0.0091,0.0069,0.0128
D00040.obj,Bicycle,1.0621,0.8884,0.1139,0.2714,0.322,1.7632,2.0099,1.1002,0.0072,0.0059,0.0073,0.0093,0.0127
D00930.obj,Bicycle,1.1945,1.2304,0.5964,0.4097,0.9232,1.9682,2.9387,1.1836,0.0067,0.0049,0.0085,0.0085,0.0126
D00199.obj,Biplane,0.9241,0.8909,0.1137,0.1049,0.6003,1.6854,1.9115,1.3068,0.0036,0.0065,0.0148,0.0116,0.0069
m1119.obj,Biplane,0.6734,0.6266,0.0353,0.1225,0.3887,1.6555,1.5223,1.2017,0.0052,0.0055,0.0117,0.0098,0.0065
m1127.obj,Biplane,0.8738,0.8213,0.0571,0.0924,0.5212,1.5411,1.7329,1.1986,0.0039,0.0067,0.0108,0.0095,0.0071
D00132.obj,Biplane,1.0007,0.9051,0.0777,0.0382,0.5086,1.6176,1.6801,1.3135,0.0076,0.0106,0.0102,0.0116,0.0092
D00113.obj,Bird,0.1041,0.2944,0.0538,0.144,0.9858,1.6477,0.7058,1.0946,0.0061,0.0053,0.0142,0.0078,0.0041
m47.obj,Bird,1.4215,1.3884,0.2986,0.1063,0.9613,1.7323,2.8347,1.1914,0.008,0.0047,0.017,0.0152,0.0144
D00599.obj,Bird,1.451,1.4059,0.2673,0.5635,0.9561,1.3271,2.2796,0.018,0.0155,0.0068,0.011,0.0161,0.0166
D00271.obj,Bird,1.2975,1.2576,0.2298,0.0543,0.8566,1.6901,2.5712,1.3153,0.0061,0.0047,0.0144,0.0086,0.0087
m43.obj,Bird,1.4021,1.4083,1.5965,0.1029,1.0179,2.1819,3.5413,1.3181,0.0066,0.0063,0.0201,0.017,0.017
m36.obj,Bird,0.4322,0.6113,0.184,0.147,0.6274,1.9191,1.7065,1.2717,0.006,0.0111,0.0201,0.016,0.0107
D01078.obj,Bookset,1.1272,1.3283,1.8519,0.1269,1.2746,0.073,0.0009,0.4262,0.0065,0.0064,0.0046,0.0036,0.0056
D01122.obj,Bookset,2.1363,3.0212,4.0984,0.1505,3.9154,0.8786,0.0009,0.861,0.0079,0.0049,0.0112,0.0038,0.0053
D01038.obj,Bookset,0.364,0.4438,0.7067,0.0706,0.4375,1.7831,0.0009,0.5225,0.0039,0.0088,0.0085,0.0085,0.0032
m486.obj,Bottle,0.7457,0.6632,0.1596,0.0641,0.3588,0.396,0.0009,0.4423,0.0084,0.0165,0.0077,0.0099,0.0066
D00123.obj,Bottle,1.0865,1.1127,0.2193,0.0157,0.8328,0.3862,0.5366,1.2341,0.0109,0.0069,0.0052,0.0093,0.0085
m483.obj,Bottle,1.0,1.0162,0.1369,0.0419,0.7537,0.3528,0.2346,2.3798,0.0097,0.0072,0.0046,0.0088,0.0064
D00176.obj,Bottle,0.7897,0.3106,0.1915,0.0963,1.0365,0.702,0.0009,0.4703,0.0037,0.0051,0.0067,0.0093,0.0024
D00020.obj,Bottle,1.0114,1.0826,0.2489,0.0703,0.8536,0.4642,0.3012,1.4529,0.0077,0.0067,0.006,0.0108,0.0054
m482.obj,Bottle,0.8365,0.8232,0.0809,0.0692,0.5786,0.4596,0.0207,1.1654,0.0064,0.0095,0.0044,0.0082,0.0033
D00166.obj,Bottle,0.4479,0.3231,0.0024,0.114,0.0774,0.2645,0.0009,0.0843,0.0041,0.0039,0.0076,0.0081,0.0044
m412.obj,BuildingNonResidential,1.2503,0.9443,0.034,0.1108,0.2221,0.9914,1.9135,0.7022,0.0059,0.0052,0.0119,0.0107,0.0107
m409.obj,BuildingNonResidential,0.9345,0.932,0.8893,0.1197,0.6711,1.3132,1.4276,0.6527,0.0039,0.0048,0.0051,0.0061,0.0078
m404.obj,BuildingNonResidential,0.7539,1.7298,1.081,0.1428,3.565,1.0521,0.0009,1.016,0.0062,0.0156,0.0191,0.0125,0.0074
m400.obj,BuildingNonResidential,2.5416,3.3546,3.1715,0.1502,3.9415,1.1728,0.0009,1.1455,0.0082,0.015,0.014,0.007,0.0053
m390.obj,BuildingNonResidential,0.0071,0.1909,0.4447,0.1463,0.3459,1.5469,0.9106,1.1681,0.0075,0.0083,0.0074,0.003,0.0073
m384.obj,BuildingNonResidential,0.1136,0.2819,2.9519,0.0842,0.468,1.1307,0.0973,1.1702,0.0043,0.0108,0.0211,0.0163,0.0145
D00815.obj,Bus,0.5689,0.5271,0.0011,0.057,0.3239,0.4107,0.0009,1.1047,0.0062,0.0095,0.0049,0.0068,0.0023
D00446.obj,Bus,0.3078,0.0963,0.0198,0.0118,0.2855,1.4473,0.0009,0.8815,0.0099,0.0092,0.0073,0.0109,0.0096
D00516.obj,Bus,0.5364,0.4817,0.3097,0.0697,0.2717,0.0959,0.0009,1.1944,0.0044,0.0074,0.0048,0.0039,0.0046
D00264.obj,Bus,0.839,0.8119,0.177,0.0127,0.5516,0.5534,0.4512,1.3137,0.0073,0.0069,0.0039,0.0021,0.0041
D00084.obj,Bus,0.8869,0.7549,0.0715,0.0194,0.332,0.1238,0.0009,1.7897,0.0126,0.0071,0.0054,0.0042,0.0059
D00754.obj,Bus,0.5303,0.2353,0.0617,0.0205,2.518,1.037,0.0009,1.3064,0.0066,0.0081,0.0044,0.0045,0.0059
D00785.obj,Car,0.306,0.4315,0.2477,0.09,0.4565,0.9426,0.0009,0.0541,0.0025,0.0071,0.0036,0.0025,0.0062
m1548.obj,Car,0.1447,0.2758,0.1568,0.0178,0.3988,0.3876,0.0009,0.1634,0.0033,0.0072,0.0069,0.0064,0.0049
m1542.obj,Car,0.0296,0.0352,0.2419,0.0682,0.1087,0.4427,0.0009,0.0404,0.0035,0.004,0.0032,0.0025,0.0042
m1524.obj,Car,0.4886,0.5626,0.0853,0.0793,0.4954,0.8233,0.0009,0.3051,0.0029,0.0078,0.0044,0.0038,0.0043
m1519.obj,Car,0.6419,0.6961,0.022,0.0227,0.5686,0.45,0.0009,0.7067,0.0046,0.0065,0.0029,0.0039,0.0018
D00377.obj,Car,0.0031,0.0066,0.0048,0.0007,0.009,0.0074,0.0009,0.0126,0.0022,0.0019,0.0013,0.0014,0.001
D00542.obj,Cellphone,1.0198,1.0266,0.1065,0.0726,0.7504,0.091,0.0941,0.6235,0.0043,0.0062,0.0136,0.0124,0.0093
D00192.obj,Cellphone,0.614,0.4596,0.1052,0.0574,0.0821,0.8245,0.0009,0.2957,0.0066,0.012,0.0056,0.0064,0.003
D00440.obj,Cellphone,1.2295,1.2212,0.2872,0.0094,0.872,0.0258,0.577,1.7556,0.0073,0.0074,0.0109,0.0142,0.0112
D00848.obj,Cellphone,0.8017,0.7098,0.1285,0.1804,0.3761,0.9029,0.0009,0.5289,0.0067,0.0082,0.0063,0.0072,0.008
D00018.obj,Cellphone,0.6524,0.4645,0.1086,0.1109,0.0153,0.5587,0.0009,0.2256,0.0061,0.0041,0.0066,0.0053,0.0073
D00079.obj,Cellphone,0.6328,0.5715,0.1942,0.0251,0.3266,0.2457,0.0009,0.5139,0.0036,0.0079,0.0051,0.0049,0.0011
D01112.obj,Chess,0.7876,0.9118,0.0459,0.0915,0.7829,1.4684,0.836,0.8079,0.0075,0.0086,0.006,0.0091,0.0075
D01099.obj,Chess,0.0424,0.2385,0.5969,0.127,0.4615,1.5366,0.2734,1.1564,0.0048,0.0073,0.0086,0.0058,0.0027
m1610.obj,Chess,0.2437,0.0463,0.4355,0.1386,0.3411,1.5219,0.0009,1.2181,0.0066,0.006,0.0071,0.0061,0.004
m1613.obj,Chess,0.7003,0.8438,0.0172,0.1009,0.7532,1.2562,0.5894,0.0917,0.0039,0.0062,0.0066,0.0077,0.0023
m1604.obj,Chess,0.6391,0.7647,0.1775,0.0649,0.6857,1.1048,0.3271,0.275,0.0058,0.0074,0.0078,0.011,0.0075
D01039.obj,City,0.7465,0.6832,3.6963,5.8956,0.4045,1.6848,1.4966,1.1888,0.008,0.0066,0.0118,0.0059,0.023
m1652.obj,City,0.9913,1.0278,1.3172,0.6305,0.7837,1.4689,1.6225,1.2175,0.0117,0.0137,0.0042,0.0081,0.0143
D01173.obj,City,1.1952,0.5684,0.5011,5.0789,2.8,2.1584,1.217,0.3131,0.0137,0.0121,0.0065,0.0074,0.0188
D01181.obj,City,0.3041,0.1739,1.7264,0.0777,0.0746,0.7731,0.0009,0.8432,0.0038,0.0073,0.0201,0.0168,0.0121
D01192.obj,City,0.2734,0.2917,2.2166,0.0001,0.2355,1.3127,0.3727,1.0034,0.0058,0.0058,0.0147,0.0124,0.0119
D01103.obj,City,0.9819,1.0132,1.3172,0.5534,0.7682,1.27,1.5907,0.4427,0.0112,0.0135,0.0058,0.0092,0.0139
D00561.obj,ClassicPiano,0.843,1.0886,0.053,0.0558,1.1825,0.9111,0.0009,1.0092,0.0069,0.0046,0.0141,0.0112,0.0081
D00811.obj,ClassicPiano,1.4204,0.8618,2.2835,0.1438,0.0471,1.6213,0.0009,1.191,0.0056,0.0081,0.0155,0.01,0.0043
D00009.obj,ClassicPiano,0.4469,0.3252,1.262,0.1285,0.0825,1.2813,0.0009,0.9903,0.0035,0.0072,0.0081,0.0061,0.0016
D00605.obj,ClassicPiano,0.7103,1.6694,1.9137,0.1197,3.4808,1.2984,0.0009,1.1099,0.0044,0.011,0.019,0.0162,0.0129
D00190.obj,ClassicPiano,1.242,1.1692,2.9157,0.1256,0.7492,1.4559,0.0009,1.1611,0.0063,0.0093,0.0115,0.0057,0.0046
D00092.obj,ClassicPiano,2.312,2.1608,2.6739,0.1342,1.365,1.3968,0.0009,1.2604,0.0063,0.0099,0.0132,0.0069,0.0051
m1774.obj,Computer,3.2659,3.0697,4.4507,0.1556,1.9636,0.8336,0.0009,1.234,0.0078,0.0058,0.0132,0.0058,0.0057
m1773.obj,Computer,0.3691,0.3192,1.1753,0.1348,0.1648,1.3247,0.1032,1.1474,0.0068,0.011,0.0139,0.0071,0.0047
D01164.obj,Computer,0.3437,0.6285,0.6773,0.1241,0.9361,0.8822,0.0009,1.2226,0.0062,0.0047,0.0106,0.006,0.0053
D01100.obj,Computer,1.9177,1.595,1.7078,0.1445,0.7627,0.876,0.0009,1.2826,0.0064,0.0083,0.0146,0.0069,0.0055
D00990.obj,ComputerKeyboard,0.9338,0.871,0.4781,2.652,0.5409,2.9491,0.0009,0.8197,0.0145,0.0153,0.004,0.0078,0.015
D00676.obj,ComputerKeyboard,0.6604,0.1555,0.8794,1.5718,1.1669,3.051,0.0009,0.1891,0.0098,0.0117,0.0054,0.0069,0.0157
D00642.obj,Cup,0.6873,0.8295,0.0817,0.0558,0.7427,0.3478,0.0009,0.4306,0.0069,0.0072,0.0084,0.0114,0.0106
D00355.obj,Cup,0.8681,0.9002,0.1322,0.0408,0.6891,0.7225,0.9209,0.5591,0.0108,0.0121,0.0089,0.0101,0.0072
m526.obj,Cup,0.0325,0.3149,0.2233,0.1477,0.5127,1.4287,0.4332,0.6658,0.0078,0.0136,0.0124,0.0072,0.0065
m501.obj,Cup,0.9814,0.5547,2.1708,0.1501,0.0519,1.3153,0.0009,1.2447,0.0067,0.0083,0.0094,0.0056,0.007
D00638.obj,Cup,0.0612,0.2528,0.8037,0.1369,0.4958,1.4206,0.23,0.9911,0.0052,0.0098,0.0068,0.0054,0.0048
D00214.obj,Cup,1.1093,1.151,2.7894,0.1578,0.8932,1.675,0.6951,1.3149,0.0062,0.0026,0.0114,0.0045,0.0087
D00882.obj,Cup,0.4441,0.0795,1.0759,0.1388,0.3172,1.1635,0.0009,0.9219,0.0064,0.0076,0.0089,0.0052,0.0064
m608.obj,DeskLamp,0.6388,0.2675,3.7587,0.1215,0.1983,1.6712,0.8619,0.8243,0.0082,0.0076,0.0047,0.0021,0.0067
m603.obj,DeskLamp,0.2093,0.4566,0.2059,0.1289,0.5788,1.6808,1.016,1.2854,0.0084,0.0053,0.0123,0.0067,0.0047
m613.obj,DeskLamp,1.2928,1.3209,3.0104,0.3101,0.9774,1.9696,3.1441,0.4386,0.0085,0.0054,0.0032,0.0034,0.0076
D00330.obj,DeskLamp,1.484,1.3922,0.2739,0.4568,0.8387,1.6532,3.1518,0.581,0.0151,0.0053,0.0097,0.0075,0.0103
D00693.obj,DeskLamp,1.1806,1.1716,0.002,0.0213,0.8355,1.3886,2.137,0.2679,0.006,0.0049,0.009,0.0081,0.0082
D00531.obj,DeskLamp,1.4613,1.4233,0.0723,0.2965,0.9796,1.5906,2.7167,0.443,0.0111,0.0034,0.0115,0.0111,0.0115
D00154.obj,DeskPhone,0.4876,0.351,1.1647,0.1582,0.04,0.0943,0.0009,0.7102,0.0052,0.0042,0.0114,0.0078,0.0115
D00958.obj,DeskPhone,0.9956,1.2062,1.0061,0.0413,1.2035,0.01,0.0009,1.1237,0.0063,0.0061,0.0086,0.0036,0.0048
D00556.obj,DeskPhone,1.1533,1.1488,1.7047,0.0953,0.826,0.3794,0.0009,1.0289,0.0055,0.0047,0.0084,0.0055,0.0026
D00894.obj,DeskPhone,0.6388,0.4839,2.0064,0.1042,0.1579,0.9644,0.0009,1.1729,0.0052,0.0045,0.0115,0.007,0.0029
D00897.obj,DeskPhone,0.7277,0.617,0.2255,0.0405,0.2765,0.5109,0.0009,0.3608,0.0059,0.0054,0.0108,0.0091,0.0091
m1717.obj,Door,0.6486,0.3577,1.2645,0.8055,0.31,1.3215,0.0009,0.2284,0.006,0.0127,0.0034,0.0037,0.0078
m1723.obj,Door,0.2861,0.0583,3.8526,2.3789,0.6999,2.5726,0.2965,1.1616,0.0072,0.0095,0.0054,0.002,0.0154
m1716.obj,Door,0.7222,0.0337,1.0719,2.8034,2.1812,1.779,0.0009,0.0889,0.0084,0.0072,0.0053,0.008,0.0107
D01141.obj,Door,0.723,0.0337,1.0719,2.8163,2.1874,1.8592,0.0009,0.07,0.0081,0.0059,0.0059,0.0074,0.0109
D01058.obj,Door,0.6725,0.3706,0.9101,0.808,0.3347,1.3679,0.0009,0.1705,0.0067,0.0119,0.0034,0.0033,0.0086
D00026.obj,Drum,0.2426,0.4635,0.1733,0.1367,0.6943,0.7194,0.0009,0.0716,0.0067,0.0079,0.0092,0.0046,0.0075
D00709.obj,Drum,0.3589,0.3311,0.3267,0.1319,0.2022,1.0579,0.0101,1.3217,0.0067,0.0175,0.0075,0.0051,0.0059
D00063.obj,Drum,2.7926,2.831,2.777,0.1597,2.107,1.2284,0.0009,1.3202,0.01,0.0222,0.0099,0.0031,0.0114
D00596.obj,Drum,1.828,1.5507,2.0459,0.1393,0.7803,1.04,0.0009,0.8221,0.0077,0.0062,0.0049,0.0032,0.0065
D00551.obj,Drum,2.0951,1.8435,0.9072,0.1434,1.0172,0.8283,0.0009,1.3205,0.0088,0.0238,0.0087,0.003,0.0067
D00115.obj,Drum,0.0673,0.0392,0.2449,0.1501,0.1598,1.1784,0.2067,1.1768,0.0086,0.0124,0.0046,0.0033,0.0102
D00022.obj,Fish,1.208,1.1602,0.2846,0.0592,0.774,1.624,1.5607,0.4416,0.0073,0.0034,0.0121,0.0169,0.0152
D00950.obj,Fish,1.1621,1.1501,0.175,0.075,0.8164,1.8828,2.4035,0.9892,0.007,0.0045,0.0134,0.0172,0.0135
D00030.obj,Fish,1.2631,1.221,0.2465,0.0584,0.8268,1.4169,1.7103,0.7559,0.0104,0.0063,0.0104,0.018,0.0167
D00748.obj,Fish,1.2176,1.1881,0.2981,0.0545,0.821,1.4993,1.6298,0.294,0.009,0.0066,0.0088,0.0154,0.0143
D00165.obj,Fish,1.2114,1.182,0.2117,0.0509,0.8169,1.4913,1.6913,0.3151,0.0101,0.0061,0.0092,0.0177,0.0167
D00142.obj,Fish,1.0997,1.0328,0.211,0.0127,0.6509,1.7146,1.8914,0.7963,0.0048,0.0048,0.014,0.0129,0.0111
D00351.obj,Fish,1.0754,0.9799,0.1839,0.0697,0.5616,1.5711,1.5991,0.7143,0.005,0.0033,0.0116,0.0108,0.0115
D00400.obj,FloorLamp,0.2891,0.2294,0.0013,0.1193,0.0811,1.5895,0.5868,1.2452,0.0047,0.0063,0.0095,0.0082,0.0068
D00924.obj,FloorLamp,1.448,1.2648,0.2363,0.041,0.3875,1.6712,2.9016,1.6688,0.011,0.0215,0.0229,0.0053,0.0043
D00888.obj,FloorLamp,0.0498,0.1062,0.1139,0.1366,0.1495,1.3798,0.0009,1.0235,0.0057,0.0095,0.0073,0.0061,0.0069
D00495.obj,FloorLamp,0.5828,0.6714,0.5843,0.143,0.587,1.5783,1.1187,1.0026,0.0069,0.0199,0.0159,0.0121,0.0061
D00563.obj,FloorLamp,1.3302,1.356,0.0904,0.1305,0.9989,2.1795,3.5803,1.3091,0.0062,0.0085,0.0076,0.0022,0.0048
D00883.obj,Glasses,1.5134,1.4874,0.2873,0.2148,1.0417,2.0359,3.7378,1.2948,0.0069,0.009,0.0027,0.0076,0.0045
D00877.obj,Glasses,1.4031,1.4032,0.1019,0.0267,1.009,2.0488,3.558,1.3116,0.0054,0.008,0.0065,0.0041,0.0036
D00475.obj,Glasses,1.3212,1.2234,1.3591,0.1047,0.7231,2.0668,3.5932,1.2015,0.0045,0.0111,0.0057,0.0064,0.0074
D00050.obj,Glasses,1.262,1.2699,0.3572,0.0502,0.9242,1.9189,3.1625,1.187,0.0068,0.0086,0.0018,0.0068,0.0052
D00432.obj,Glasses,1.4535,1.4418,0.3179,0.6018,1.0245,1.9251,3.51,0.9037,0.005,0.0082,0.0053,0.0132,0.0052
D00813.obj,Glasses,1.3588,1.3634,2.9164,0.0245,0.986,2.0891,3.6573,1.1473,0.0051,0.0073,0.0032,0.0109,0.0068
D00937.obj,Glasses,1.3461,1.2887,0.0978,0.0551,0.8511,1.8887,3.2178,1.2404,0.0066,0.0123,0.0048,0.0084,0.0057
D00534.obj,Guitar,1.1447,0.9481,0.2916,0.3274,0.2869,0.5354,0.0009,0.2848,0.0166,0.0095,0.0047,0.0123,0.0111
D00549.obj,Guitar,1.3858,1.2198,0.2699,3.3357,0.4952,0.6895,1.2089,1.7306,0.0228,0.0145,0.0053,0.0176,0.021
D00416.obj,Guitar,1.24,1.1028,0.2972,0.7192,0.5477,0.3441,0.8545,0.0587,0.0177,0.0133,0.0036,0.0124,0.0134
D00023.obj,Guitar,1.2582,1.0978,0.2699,0.9023,0.4756,0.523,0.922,0.5088,0.0171,0.0102,0.0057,0.0138,0.0137
D00819.obj,Gun,0.7942,0.5561,0.2119,0.0651,0.0487,0.011,0.0009,1.1415,0.0068,0.0055,0.008,0.0087,0.0084
m685.obj,Gun,1.0219,1.0282,0.1568,0.1111,0.7509,0.3925,0.0905,0.0561,0.0147,0.0138,0.0046,0.0144,0.0124
m675.obj,Gun,1.4524,1.4349,0.08,1.1248,1.0137,0.7944,1.8445,0.9315,0.0227,0.0158,0.0037,0.0188,0.0175
m671.obj,Gun,1.4778,1.4237,0.2297,3.5488,0.9531,0.4295,1.6408,0.8544,0.0209,0.0103,0.0061,0.0217,0.0252
D00425.obj,Gun,0.9159,0.6276,0.2198,0.3428,0.1654,0.4049,0.0009,0.9447,0.0147,0.0066,0.008,0.0137,0.0115
m668.obj,Gun,1.334,1.1296,0.0554,0.7201,0.3081,0.6494,0.7221,0.861,0.0188,0.0075,0.0078,0.0202,0.0192
D00282.obj,Gun,1.0791,1.0217,0.3038,0.3927,0.6586,0.4249,0.1981,0.0184,0.0167,0.0124,0.0039,0.0132,0.0128
D01193.obj,Hand,0.0015,0.2753,0.0151,0.1029,0.4826,1.1311,0.0009,1.2884,0.0052,0.0074,0.0123,0.0083,0.0031
m336.obj,Hand,0.7495,0.873,0.1357,0.0543,0.7566,1.3061,0.8304,0.8091,0.0034,0.007,0.0098,0.0094,0.0086
D01060.obj,Hand,0.3989,0.5826,0.1438,0.0805,0.6121,1.0972,0.0009,0.5336,0.0045,0.0057,0.0111,0.008,0.0072
m332.obj,Hand,0.906,0.3804,0.627,0.1511,0.2399,1.6022,0.0009,1.2221,0.0088,0.0173,0.015,0.0082,0.0068
D01198.obj,Hand,1.2847,1.312,0.2569,0.2831,0.9708,0.5097,1.1365,1.7981,0.0178,0.0138,0.005,0.0139,0.0142
m327.obj,Hand,0.0018,0.2763,0.015,0.1034,0.4814,1.1936,0.0009,1.298,0.0046,0.0069,0.0123,0.0087,0.0031
m330.obj,Hand,0.2761,0.5042,0.0692,0.0889,0.5953,0.7316,0.0009,0.4418,0.0033,0.0055,0.0053,0.0061,0.0017
m1633.obj,Hat,0.1084,0.2358,1.8408,0.1447,0.3215,1.658,0.9894,1.2941,0.0063,0.0097,0.0152,0.0082,0.0042
m1639.obj,Hat,0.9638,0.5953,0.6278,0.1554,0.0245,1.5207,0.0009,1.2929,0.0078,0.0193,0.0174,0.0103,0.0014
m1638.obj,Hat,0.7467,0.2706,0.5111,0.1421,0.2754,1.2193,0.0009,1.039,0.0078,0.0147,0.0116,0.0052,0.0072
m1636.obj,Hat,1.5516,0.8742,1.3721,0.1465,0.0306,1.4995,0.0009,1.3194,0.0077,0.0154,0.0133,0.0056,0.004
m1628.obj,Hat,0.9932,0.9489,0.2978,0.1578,0.6272,1.2621,0.0009,1.2656,0.0079,0.0197,0.0165,0.0092,0.0057
m1631.obj,Hat,0.1961,0.0815,0.1837,0.1252,0.0831,1.444,0.0009,1.1786,0.0064,0.0074,0.014,0.0064,0.0053
m1635.obj,Hat,1.489,0.8856,0.3276,0.1477,0.0291,1.3674,0.0009,1.0744,0.0067,0.0135,0.011,0.0029,0.0072
D00658.obj,Helicopter,1.3641,1.345,0.1008,0.1059,0.9479,1.9779,3.1521,1.2774,0.0067,0.0065,0.0161,0.0176,0.0143
m1336.obj,Helicopter,1.2389,1.2461,0.3144,0.1217,0.9067,1.8119,2.7411,1.3089,0.0057,0.005,0.0162,0.0137,0.0077
D00470.obj,Helicopter,1.3237,1.301,0.0618,0.0418,0.9118,1.9527,3.0373,1.219,0.0103,0.0055,0.0124,0.0188,0.0151
m1329.obj,Helicopter,0.0714,0.025,0.0527,0.1519,0.0471,1.5539,0.43,1.2389,0.0067,0.005,0.0168,0.0102,0.0052
D00500.obj,Helicopter,1.2391,1.1918,0.2955,0.0919,0.7977,1.8091,2.7266,1.2788,0.0044,0.0077,0.0169,0.0178,0.0115
D00498.obj,Helicopter,1.2477,1.2037,0.2731,0.0987,0.8113,1.7492,2.501,0.7825,0.0044,0.0038,0.0173,0.0147,0.0105
D00325.obj,House,1.793,2.0578,0.0619,0.1547,1.9081,0.9036,0.0009,1.2114,0.0083,0.0191,0.019,0.0102,0.0019
m447.obj,House,1.251,1.2184,0.9035,0.1217,0.8379,0.0228,0.0009,0.8981,0.0053,0.006,0.0112,0.0099,0.0028
m435.obj,House,0.3801,0.0259,1.1835,0.1342,0.8586,1.3895,0.0009,0.8457,0.0053,0.0063,0.0148,0.0092,0.0033
D00941.obj,House,0.2602,0.0625,0.5739,0.0618,0.2805,0.9749,0.3097,0.2967,0.0058,0.0086,0.006,0.0027,0.005
m440.obj,House,0.7011,0.9933,2.1544,0.124,1.2043,0.923,0.0009,0.8125,0.0053,0.0078,0.0135,0.0089,0.0029
m359.obj,HumanHead,0.9852,0.4332,2.3474,0.1497,0.2245,1.7134,0.6525,1.1293,0.0079,0.026,0.0142,0.0072,0.0068
D00013.obj,HumanHead,2.262,1.7044,0.069,0.155,0.6116,0.9465,0.0009,1.2849,0.0106,0.0212,0.0163,0.0103,0.0069
m363.obj,HumanHead,0.8264,0.3102,1.0033,0.1517,0.278,1.5445,0.0009,1.2253,0.0099,0.0196,0.0142,0.0071,0.0049
m365.obj,HumanHead,0.462,0.0304,0.2065,0.1528,0.3976,1.5885,0.156,1.1469,0.0107,0.0281,0.0127,0.0073,0.0044
D00072.obj,HumanHead,0.6332,0.1951,0.9758,0.1514,0.2968,1.5271,0.443,1.3123,0.0092,0.0165,0.0122,0.0064,0.0045
D00910.obj,HumanHead,1.7159,1.1448,1.79,0.154,0.2239,1.4024,0.0009,1.0511,0.009,0.01,0.0137,0.0056,0.0049
D00629.obj,HumanHead,0.7056,0.237,0.2884,0.1576,0.2916,1.5804,0.2129,1.241,0.0099,0.0268,0.0166,0.0088,0.0063
m241.obj,Humanoid,0.8346,0.8859,0.0025,0.0248,0.6994,1.8017,1.8344,1.1565,0.0075,0.0077,0.0102,0.0097,0.0108
m253.obj,Humanoid,1.3505,1.2961,0.2331,0.0427,0.8614,1.2792,1.8462,0.8915,0.0064,0.0102,0.0217,0.0199,0.0179
m252.obj,Humanoid,0.7413,0.8606,0.2482,0.0139,0.745,1.2698,1.4473,1.3214,0.0056,0.0072,0.0107,0.0085,0.0081
m217.obj,Humanoid,0.9815,0.9015,0.2819,0.0307,0.5343,0.5007,0.263,0.3228,0.0111,0.006,0.0092,0.0154,0.0148
m255.obj,Humanoid,0.853,0.8023,0.2665,0.4539,0.5102,1.251,1.216,1.2859,0.0129,0.0128,0.0055,0.0135,0.0127
m266.obj,Humanoid,0.9356,0.9598,0.0071,0.0886,0.7226,1.7192,2.0201,1.2734,0.0055,0.0082,0.0087,0.0072,0.0065
m134.obj,Humanoid,1.1177,1.1045,0.2796,0.365,0.782,0.4974,0.0009,1.3891,0.0162,0.0075,0.0072,0.0168,0.0159
D00117.obj,Insect,0.6599,0.6314,0.0743,0.1369,0.4188,1.7898,1.982,0.9948,0.0045,0.007,0.0175,0.0145,0.0093
D00753.obj,Insect,0.7536,0.6644,0.3441,0.1424,0.3483,1.593,1.45,0.7687,0.004,0.0061,0.0161,0.0124,0.008
D00732.obj,Insect,1.1308,1.0825,0.0133,0.1246,0.7168,2.0758,2.8689,1.2453,0.004,0.0063,0.0139,0.009,0.0069
D00109.obj,Insect,0.6879,0.5309,0.2912,0.1451,0.1261,1.9506,2.011,1.288,0.0066,0.0077,0.013,0.0054,0.004
m24.obj,Insect,0.6129,0.6811,0.1471,0.1153,0.5729,1.8113,1.9764,1.1805,0.0052,0.0057,0.0148,0.0103,0.008
D00672.obj,Insect,0.8897,0.9301,0.1538,0.0915,0.7191,1.6874,2.0201,0.7515,0.0034,0.0044,0.0117,0.0081,0.0073
m1292.obj,Jet,1.1959,1.0879,0.2986,0.2706,0.6104,1.5766,2.1624,1.3124,0.0066,0.004,0.015,0.011,0.0169
m1185.obj,Jet,1.4027,1.3985,0.1278,0.2422,1.0018,1.3513,2.171,0.3346,0.0185,0.0111,0.008,0.023,0.02
m1190.obj,Jet,1.3427,1.3359,0.2178,0.0036,0.9552,1.7896,2.2385,0.591,0.0128,0.005,0.0128,0.0207,0.0161
m1216.obj,Jet,1.24,1.2043,0.2628,0.1167,0.824,1.6474,2.2104,1.1624,0.0097,0.0065,0.0149,0.0176,0.015
m1266.obj,Jet,1.2174,1.0883,0.2806,0.5848,0.5605,1.7491,2.1424,0.9724,0.0159,0.0033,0.0145,0.0204,0.021
m1275.obj,Jet,1.2635,1.2455,0.206,0.0989,0.8777,1.7509,2.1406,0.4877,0.0074,0.0063,0.0117,0.011,0.0108
m1159.obj,Jet,0.9962,0.9929,0.0325,0.0537,0.714,1.6984,2.2765,1.2848,0.0048,0.0043,0.0177,0.0131,0.0127
D01187.obj,Knife,1.4417,1.408,0.9659,7.5555,0.9746,1.4544,2.118,0.7871,0.02,0.0122,0.0053,0.0156,0.0251
m726.obj,Knife,1.3426,1.3007,0.0926,4.3987,0.885,2.4441,0.9593,0.9505,0.0179,0.0163,0.0036,0.0114,0.0181
m727.obj,Knife,1.1829,1.1382,0.2219,3.4149,0.7629,0.9704,0.8373,0.4929,0.0119,0.0099,0.0079,0.0083,0.019
D01025.obj,Knife,1.3567,1.3243,0.2277,0.9017,0.9158,0.0835,1.0,2.1292,0.017,0.0121,0.0092,0.0171,0.0191
m723.obj,Knife,1.5339,1.4568,0.2985,0.5048,0.9173,1.2973,2.6314,0.9791,0.01,0.0127,0.0241,0.0267,0.026
D00799.obj,MilitaryVehicle,0.0742,0.1913,0.8446,0.088,0.3145,0.3502,0.0009,0.9328,0.0041,0.0062,0.0101,0.0065,0.0035
D00933.obj,MilitaryVehicle,0.3723,0.1054,0.2152,0.0964,0.4028,0.0384,0.0009,0.67,0.0057,0.0093,0.0153,0.0114,0.0098
D00611.obj,MilitaryVehicle,0.1517,0.4323,0.2426,0.0924,0.7926,0.195,0.0009,0.0267,0.0043,0.0077,0.0076,0.0056,0.0021
D00017.obj,MilitaryVehicle,0.7934,0.5342,0.0633,0.0913,0.12,0.6492,0.0009,0.0913,0.0051,0.0108,0.0214,0.0194,0.0144
D00334.obj,MilitaryVehicle,0.1603,0.1301,0.0685,0.0918,0.6115,0.3683,0.0009,0.3512,0.0045,0.0072,0.014,0.0117,0.008
D00529.obj,MilitaryVehicle,0.0173,0.2598,0.1796,0.1087,0.5947,0.6717,0.0009,0.9841,0.0048,0.0085,0.0126,0.0088,0.0025
D00919.obj,Monitor,2.4168,2.5733,1.6153,0.1335,2.0992,0.1449,0.0009,0.9823,0.0069,0.0042,0.0082,0.0024,0.0068
D00141.obj,Monitor,0.0314,0.1744,0.1694,0.0874,0.3464,1.105,0.0009,1.2497,0.0062,0.0037,0.0092,0.0029,0.0051
D00920.obj,Monitor,0.4701,0.1616,1.0776,0.2077,0.4727,0.6071,0.1565,0.634,0.0072,0.0075,0.007,0.0028,0.0062
D00915.obj,Monitor,0.2119,0.8869,0.046,0.0736,2.1464,1.2954,0.0009,1.2103,0.0062,0.0051,0.0088,0.0056,0.0055
D00339.obj,Monitor,0.6216,0.7189,2.8888,0.0107,0.6639,1.1533,0.0009,1.2475,0.004,0.0044,0.0076,0.0054,0.0079
D00995.obj,Monoplane,1.3533,1.2954,0.1909,1.1447,0.855,1.7044,2.0899,0.2709,0.0105,0.0047,0.0137,0.0143,0.0193
D00840.obj,Monoplane,0.9437,0.9095,0.2911,0.1404,0.6123,1.3646,1.7191,1.3171,0.0082,0.009,0.013,0.0123,0.0135
D00482.obj,Monoplane,1.162,0.826,0.2927,0.1405,0.3516,1.4518,1.7846,1.3118,0.0081,0.0033,0.0183,0.0163,0.0158
D00864.obj,Monoplane,1.1376,1.0436,1.2361,0.0622,0.6091,1.6952,2.0802,1.1176,0.0047,0.0067,0.0185,0.0159,0.0128
D00011.obj,Monoplane,1.2227,1.1813,0.2873,0.0031,0.799,1.6102,2.5471,1.3114,0.0047,0.0064,0.0179,0.0135,0.0122
D00262.obj,Monoplane,1.1528,1.1203,0.1626,0.151,0.7677,1.7565,1.7432,0.5802,0.0113,0.0067,0.0111,0.0149,0.0138
D00098.obj,Monoplane,0.902,0.9025,0.2324,0.0571,0.6536,1.472,1.8291,1.3156,0.0059,0.0069,0.0137,0.0094,0.0112
D00342.obj,Motorcycle,0.4392,0.4376,0.151,0.0208,0.3152,1.5366,0.0009,1.0857,0.0054,0.0055,0.0115,0.0122,0.0112
D00476.obj,Motorcycle,0.3785,0.3121,0.1775,0.0298,0.1309,1.5136,0.0167,0.9588,0.0054,0.007,0.0145,0.0132,0.0127
D00021.obj,Motorcycle,0.391,0.4009,0.4045,0.064,0.3038,1.0597,0.0009,0.8678,0.0031,0.0047,0.0089,0.0095,0.0074
m1481.obj,Motorcycle,0.5804,0.6876,0.0907,0.1075,0.6163,1.3823,0.1543,0.896,0.0063,0.0068,0.0087,0.0091,0.0097
m1482.obj,Motorcycle,0.2295,0.042,0.2244,0.0578,0.2749,0.885,0.0009,1.1124,0.0099,0.0094,0.0085,0.0145,0.0132
D00768.obj,Motorcycle,0.1703,0.1183,0.0493,0.0321,0.0124,1.2011,0.0009,1.1041,0.0044,0.0053,0.011,0.0117,0.0098
D00039.obj,Motorcycle,0.2433,0.2279,0.34,0.0365,0.1439,1.2613,0.0009,1.3071,0.0037,0.0054,0.0093,0.0085,0.0081
D00770.obj,Mug,2.2859,1.6068,0.2247,0.1541,0.444,1.1012,0.0009,1.3029,0.0106,0.0218,0.013,0.0038,0.0061
D00825.obj,Mug,1.7877,1.5992,0.0219,0.1536,0.9157,0.8222,0.0009,1.3138,0.0096,0.0259,0.0115,0.0034,0.0096
m507.obj,Mug,1.7517,1.3855,1.2904,0.1587,0.5713,0.9863,0.0009,1.2192,0.0094,0.0169,0.013,0.0048,0.0065
m503.obj,Mug,2.0161,1.4417,0.4381,0.1505,0.4195,0.9462,0.0009,1.3186,0.0081,0.0189,0.0112,0.0026,0.007
D00833.obj,Mug,0.534,0.092,0.9649,0.1556,0.3656,1.641,0.7091,1.1758,0.0091,0.0157,0.0122,0.0049,0.0066
m781.obj,MultiSeat,0.1794,0.2169,1.8637,0.0878,0.2058,1.3962,1.3841,0.9639,0.0036,0.0077,0.006,0.0056,0.0046
m829.obj,MultiSeat,0.2015,0.0931,0.0694,0.0537,0.0951,0.3621,0.0009,0.3578,0.0086,0.0094,0.0064,0.0089,0.0081
D00637.obj,MultiSeat,1.0998,1.0809,0.3782,0.1155,0.7568,0.4654,0.0009,0.8112,0.0048,0.0037,0.006,0.0056,0.0041
m782.obj,MultiSeat,0.8039,0.9226,0.7137,0.0474,0.7857,1.2447,1.667,0.3168,0.0042,0.0065,0.002,0.0021,0.002
D00145.obj,MultiSeat,0.2857,0.4104,0.5779,0.066,0.4851,0.2223,0.0009,0.0041,0.0041,0.0084,0.0041,0.0046,0.0024
m630.obj,Musical_Instrument,1.2231,1.1087,0.2794,0.6941,0.6091,0.4203,0.8677,0.3883,0.0213,0.0145,0.0034,0.0131,0.013
m646.obj,Musical_Instrument,1.1434,1.4638,2.4433,0.1243,1.5887,1.2773,0.0009,1.092,0.0055,0.0058,0.0123,0.009,0.0049
m629.obj,Musical_Instrument,1.3848,1.2253,0.2746,7.3394,0.525,2.7085,1.2575,1.5809,0.0231,0.0127,0.0061,0.0181,0.0258
m632.obj,Musical_Instrument,1.2295,1.1558,0.2829,0.7679,0.7269,0.0808,0.3984,0.0051,0.0155,0.0069,0.0107,0.0171,0.0161
m637.obj,Musical_Instrument,1.3867,1.269,0.259,3.8359,0.6958,0.6092,1.8134,0.654,0.0245,0.0139,0.0053,0.019,0.0238
m804.obj,NonWheelChair,0.2474,0.3834,1.7845,0.1327,0.4333,1.8959,1.4064,0.9657,0.0035,0.0081,0.0126,0.0089,0.0053
m822.obj,NonWheelChair,0.7782,0.828,0.9268,0.1432,0.6571,1.6905,2.1009,1.0698,0.0051,0.0052,0.015,0.0089,0.0054
m813.obj,NonWheelChair,0.9005,0.9336,1.319,0.1476,0.7137,1.4719,2.069,0.6284,0.0053,0.0035,0.0126,0.0048,0.004
m795.obj,NonWheelChair,0.4587,0.3487,1.5225,0.1247,0.113,0.5111,0.0009,1.0141,0.0034,0.0046,0.0132,0.0113,0.0072
D00185.obj,NonWheelChair,0.5997,0.7133,0.7898,0.1531,0.64,1.3832,1.5632,1.2715,0.006,0.0043,0.0154,0.0071,0.0034
m819.obj,NonWheelChair,0.5294,0.6454,2.2491,0.1402,0.5955,1.4606,1.421,0.9998,0.0059,0.0039,0.0108,0.0038,0.0048
m793.obj,NonWheelChair,0.263,0.0079,3.38,0.1366,0.2994,1.8167,1.4655,1.2989,0.0062,0.007,0.0155,0.0089,0.0041
D00755.obj,PianoBoard,1.201,1.4406,3.0766,0.1268,1.4222,0.6693,0.0009,0.8314,0.0064,0.0095,0.0068,0.0022,0.0077
D00008.obj,PianoBoard,0.7849,0.7694,2.5738,0.1356,0.5359,1.1211,0.089,1.0855,0.0034,0.0076,0.0079,0.0033,0.0048
D00104.obj,PianoBoard,0.8682,1.3124,3.0248,0.1163,1.7444,0.6206,0.0009,0.8865,0.0044,0.0104,0.0049,0.0039,0.0076
D00332.obj,PianoBoard,0.8564,0.9333,3.572,0.1122,0.7877,0.8017,0.0009,1.0075,0.0037,0.0092,0.0051,0.0042,0.0077
D00623.obj,PianoBoard,0.847,0.8712,1.901,0.1237,0.6649,0.6216,0.0009,0.7147,0.0027,0.0053,0.0042,0.0039,0.0082
m1005.obj,PlantIndoors,0.967,1.2691,0.3468,0.1011,1.059,1.7937,2.0822,0.5731,0.0047,0.0103,0.0114,0.0115,0.0098
m1006.obj,PlantIndoors,0.0656,0.2628,1.2454,0.1567,0.4076,1.9608,1.8387,1.2695,0.0058,0.0064,0.0223,0.0151,0.0098
m1010.obj,PlantIndoors,0.2641,0.7824,0.0554,0.1561,0.9047,1.7974,1.6196,1.2538,0.008,0.0126,0.0216,0.0158,0.0086
m1016.obj,PlantIndoors,0.6195,0.5908,0.1799,0.0369,0.3889,1.7873,1.7026,1.2497,0.014,0.005,0.0108,0.0171,0.0147
m1030.obj,PlantIndoors,0.4609,0.1198,0.2985,0.1558,0.2721,1.5704,0.0525,1.3021,0.0067,0.0105,0.0219,0.0169,0.0092
m1004.obj,PlantIndoors,0.8934,0.9671,1.1795,0.1585,0.7775,2.0686,2.8689,1.29,0.0068,0.0052,0.0179,0.0092,0.0062
D00087.obj,PlantIndoors,0.0106,0.3898,0.402,0.1492,0.6383,1.8771,1.6718,1.2189,0.0052,0.0044,0.0168,0.0096,0.0063
m967.obj,PlantWildNonTree,1.3017,1.3647,0.2281,0.1888,1.0284,1.5299,2.4096,0.3852,0.0078,0.0052,0.0125,0.014,0.0151
m972.obj,PlantWildNonTree,1.0802,0.8605,0.1566,0.0993,0.1704,1.9181,2.5763,1.1331,0.0053,0.0064,0.0095,0.0035,0.0047
m983.obj,PlantWildNonTree,0.4313,0.6908,0.7828,0.1577,0.7365,1.8505,1.985,1.2074,0.0071,0.0097,0.0192,0.0134,0.0072
m974.obj,PlantWildNonTree,1.5257,1.522,0.2313,0.2971,1.0843,1.94,3.1642,0.402,0.012,0.0118,0.0156,0.0111,0.0127
m92.obj,Quadruped,0.618,0.7803,2.2893,0.0746,0.7259,1.688,1.6655,0.9826,0.0037,0.0072,0.0105,0.0077,0.007
D00934.obj,Quadruped,0.9116,1.0243,0.0739,0.075,0.8478,1.5646,1.6566,0.9846,0.0036,0.0071,0.0105,0.0076,0.0068
m94.obj,Quadruped,1.1138,1.1244,0.2912,0.0238,0.8245,1.1632,1.3758,0.381,0.0047,0.0064,0.0093,0.0095,0.0082
m280.obj,Quadruped,0.7932,0.8019,0.155,0.0663,0.5915,1.2196,1.0114,1.0621,0.0029,0.006,0.0083,0.0066,0.0086
m273.obj,Quadruped,1.3148,1.337,0.2372,0.0526,0.9834,1.4355,1.0806,0.6827,0.006,0.0132,0.0181,0.0201,0.0148
D00150.obj,Quadruped,0.3296,0.5534,0.8644,0.1138,0.6242,1.3813,0.3529,0.7856,0.0042,0.0089,0.0089,0.005,0.0058
m104.obj,Quadruped,0.6645,0.7841,2.264,0.059,0.6936,1.4338,0.9424,0.6257,0.0043,0.0072,0.0144,0.0117,0.0094
m891.obj,RectangleTable,0.281,0.2078,1.6516,0.0702,0.0447,1.0949,0.7038,0.4448,0.0037,0.0058,0.002,0.0039,0.006
D00678.obj,RectangleTable,0.4753,0.8113,2.1429,0.1315,1.1687,0.9986,0.0009,0.8624,0.0036,0.0047,0.0095,0.0072,0.004
m914.obj,RectangleTable,0.7087,0.6133,0.5411,0.0409,0.3009,0.6876,0.6766,0.6828,0.0066,0.0086,0.0036,0.0034,0.0049
m895.obj,RectangleTable,0.2686,0.0717,1.9553,0.0264,0.2728,1.072,0.5612,0.6008,0.0051,0.0068,0.0043,0.0028,0.006
D00697.obj,Rocket,1.3481,1.3216,0.2945,0.2266,0.9216,1.2676,2.4757,1.1641,0.021,0.0109,0.0038,0.0171,0.0155
D00851.obj,Rocket,1.274,1.2937,0.3053,0.0927,0.9518,0.8725,0.4538,3.3571,0.0135,0.0104,0.0067,0.0191,0.0167
D00975.obj,Rocket,1.0934,1.1241,0.8276,0.0302,0.8451,0.3143,0.497,0.5026,0.009,0.0065,0.0056,0.0111,0.0091
D00346.obj,Rocket,1.3653,1.33,0.2794,0.2732,0.9158,0.5417,0.9701,3.2274,0.0173,0.0086,0.0069,0.0186,0.0152
D00433.obj,Rocket,0.9398,0.9855,0.2806,0.0243,0.7634,0.327,0.0009,1.7429,0.011,0.0095,0.0079,0.0136,0.0109
m924.obj,RoundTable,1.1266,1.1261,0.2928,0.1361,0.8131,1.8469,2.1554,0.9386,0.0046,0.0056,0.0177,0.0125,0.0056
m929.obj,RoundTable,0.6197,0.5752,0.2957,0.1576,0.3549,1.9772,2.3757,1.3155,0.0055,0.0098,0.0167,0.0069,0.0069
m931.obj,RoundTable,0.2677,0.1567,3.6244,0.1557,0.0253,1.7863,1.7104,1.3129,0.0065,0.0114,0.0057,0.0047,0.0127
D00107.obj,RoundTable,0.5113,0.1315,1.6503,0.16,0.6971,1.9549,2.5492,1.3173,0.007,0.0063,0.0094,0.0031,0.0137
D00948.obj,RoundTable,0.6336,0.6216,1.9516,0.1494,0.4344,1.9858,2.5399,1.3142,0.0099,0.0071,0.0074,0.0028,0.0079
m935.obj,RoundTable,0.5695,0.5154,2.8441,0.1393,0.3011,1.8175,1.2507,1.3215,0.0063,0.0053,0.0072,0.0048,0.0054
m933.obj,RoundTable,0.3965,0.0269,0.2947,0.1601,0.3554,1.6305,0.6654,1.2874,0.0066,0.0105,0.0145,0.0041,0.0066
m849.obj,Shelf,1.3002,1.7463,2.3183,0.0468,2.0403,2.4951,0.0009,0.7392,0.0035,0.0095,0.0046,0.0041,0.0025
m847.obj,Shelf,1.7669,2.2551,2.4794,0.036,2.4767,1.9776,0.0009,0.769,0.0034,0.0083,0.0043,0.0054,0.0027
D00171.obj,Shelf,0.4895,1.3727,1.1193,0.0244,3.0934,2.1774,0.0009,0.1399,0.0052,0.0115,0.0057,0.0048,0.0018
m1457.obj,Ship,0.5063,0.5513,0.0704,0.098,0.4551,1.362,0.4884,0.8117,0.0036,0.006,0.0144,0.0106,0.0068
m1467.obj,Ship,1.3154,1.2458,0.2981,0.2845,0.7981,0.6541,1.0251,1.3198,0.018,0.0127,0.0065,0.0211,0.0178
m1466.obj,Ship,1.1054,1.0315,0.2875,0.1091,0.638,1.209,0.0009,2.2909,0.0161,0.008,0.0078,0.0169,0.0154
m1462.obj,Ship,0.9824,0.7415,0.2968,0.1437,0.0444,1.8909,2.3698,1.285,0.0066,0.0064,0.0176,0.0111,0.0064
m1469.obj,Ship,1.379,1.3607,0.2985,0.5253,0.9599,0.3992,1.2854,2.1845,0.0202,0.0138,0.0061,0.0206,0.0194
m1470.obj,Ship,1.4236,1.423,0.3338,0.56,1.0219,0.346,1.0778,3.1557,0.0201,0.0157,0.0046,0.0222,0.0202
m1671.obj,Sign,1.4487,1.4525,0.2396,3.0413,1.0452,0.171,2.0071,1.1249,0.022,0.0128,0.0044,0.0155,0.0193
m1673.obj,Sign,1.4963,1.466,0.0548,3.9417,1.0212,0.8501,2.5549,0.498,0.0247,0.0122,0.0047,0.0176,0.0219
m1684.obj,Sign,0.4775,0.4325,2.6901,0.6163,0.2506,0.281,0.9746,1.2791,0.0062,0.0087,0.0059,0.0039,0.0114
m1680.obj,Sign,1.4372,1.3569,0.296,5.3539,0.8508,1.6758,2.1232,0.6103,0.0081,0.0046,0.0142,0.013,0.025
m1670.obj,Sign,1.3727,1.3542,0.0795,4.3139,0.955,1.0972,1.3488,1.079,0.0139,0.0091,0.011,0.0148,0.0222
m1682.obj,Sign,0.1007,0.963,3.0913,0.0774,4.0298,0.94,0.7238,1.1811,0.004,0.0057,0.0046,0.0046,0.0017
D00872.obj,Skyscraper,0.6331,0.4816,0.2498,0.075,0.1032,1.5844,0.0009,1.045,0.0061,0.0057,0.0095,0.0125,0.009
D00130.obj,Skyscraper,1.0737,0.7531,0.208,0.212,0.2611,0.4453,0.0009,1.9131,0.018,0.0079,0.0036,0.0139,0.0148
D00589.obj,Skyscraper,0.9423,0.9087,0.2473,0.0392,0.6126,1.3989,0.0009,2.6853,0.0053,0.0045,0.0136,0.0164,0.0137
D00125.obj,Skyscraper,1.1804,1.1238,0.1284,0.0842,0.7337,0.9188,0.4777,1.5397,0.0122,0.0081,0.0039,0.0127,0.0121
D00669.obj,Spoon,0.7856,0.9074,0.5403,0.0841,0.7781,1.4745,0.908,0.8607,0.0042,0.007,0.0094,0.0071,0.0059
D00674.obj,Spoon,1.3262,1.3447,0.2995,0.4902,0.9854,1.2082,1.976,0.4742,0.0134,0.0139,0.0047,0.0102,0.0122
D00683.obj,Spoon,1.1559,1.2096,0.1903,0.0535,0.9241,0.6685,0.3779,1.7518,0.0109,0.0061,0.0093,0.0134,0.0132
D00014.obj,Spoon,1.4947,1.4724,0.5521,2.8573,1.0352,0.0674,1.5037,3.3453,0.0219,0.0106,0.0079,0.02,0.0239
D00517.obj,Spoon,1.4136,1.3155,0.2845,0.5062,0.7792,0.9381,1.8264,1.2731,0.018,0.0108,0.0071,0.0124,0.0119
D00497.obj,Spoon,1.5146,1.4706,0.266,2.0632,1.0045,0.514,2.2442,2.0743,0.0213,0.0151,0.0094,0.0166,0.0181
m1353.obj,Starship,0.8666,0.7792,0.2585,0.0258,0.4336,1.2201,0.9747,0.0424,0.0056,0.0078,0.0104,0.0077,0.0069
m1366.obj,Starship,1.0673,1.0819,0.0467,0.0237,0.7987,1.3586,1.5368,0.0286,0.0053,0.0064,0.0112,0.0097,0.0099
m1375.obj,Starship,0.7501,0.6653,0.0879,0.117,0.3705,0.7576,0.0009,1.3217,0.0052,0.0099,0.0185,0.0136,0.0098
m1382.obj,Starship,0.0302,0.1801,0.2919,0.1072,0.363,1.2487,0.0009,1.3212,0.0056,0.0083,0.0128,0.0086,0.0019
m1386.obj,Starship,0.2244,0.4473,0.384,0.1193,0.6867,1.1977,0.0009,1.275,0.0048,0.0092,0.0154,0.0106,0.0066
m1365.obj,Starship,0.8065,0.661,0.1249,0.3198,0.2397,0.9598,0.9512,1.0659,0.0064,0.009,0.0088,0.0076,0.0126
D00489.obj,SubmachineGun,0.9646,0.9367,0.2952,0.516,0.641,0.3319,0.9481,1.135,0.0085,0.0041,0.0105,0.0093,0.0146
D00459.obj,SubmachineGun,1.4455,1.3501,0.2962,2.1322,0.8062,0.4861,1.7004,0.7993,0.0192,0.0077,0.0101,0.019,0.0241
D00064.obj,SubmachineGun,1.2232,1.1624,0.2472,0.5453,0.7546,1.3003,1.294,0.1434,0.0178,0.0111,0.0052,0.0143,0.0173
D00256.obj,SubmachineGun,0.9368,0.8525,0.191,0.6112,0.4915,0.4182,0.6732,0.6615,0.0103,0.008,0.0091,0.0127,0.0155
D00371.obj,SubmachineGun,1.2075,1.0821,0.2845,0.224,0.5659,0.4978,0.3021,0.8357,0.0172,0.0095,0.0089,0.0182,0.0171
D00960.obj,SubmachineGun,1.3295,1.2889,0.2925,1.2232,0.8782,0.0522,1.601,0.1388,0.0138,0.0091,0.0096,0.0135,0.0165
D00878.obj,SubmachineGun,1.3656,1.2957,0.295,1.4262,0.8326,0.4138,1.2454,0.605,0.0193,0.0095,0.0096,0.018,0.0192
m698.obj,Sword,1.5894,1.5327,0.2777,3.245,1.0196,1.7631,3.3984,0.2926,0.0211,0.0049,0.0082,0.018,0.0243
D00195.obj,Sword,1.5242,1.4958,0.2984,3.8223,1.0449,0.0197,1.7659,1.8476,0.0255,0.0153,0.0057,0.026,0.0267
D01003.obj,Tool,1.2071,1.2453,1.3354,0.6205,0.9352,0.3052,1.1829,2.0221,0.0151,0.0124,0.0052,0.0115,0.0151
D01084.obj,Tool,1.2063,1.2554,0.1491,0.3298,0.9507,0.6909,1.927,0.6151,0.0071,0.0131,0.0067,0.0089,0.0093
m1117.obj,Tool,1.4217,1.3781,0.2793,0.654,0.9384,0.6986,1.4299,0.1919,0.0192,0.0124,0.0071,0.021,0.0185
D01111.obj,Tool,1.1727,1.2187,0.5129,0.4878,0.9239,0.8851,2.329,0.6907,0.0099,0.013,0.0048,0.0083,0.0103
D01131.obj,Tool,1.2089,1.2567,0.2906,0.3622,0.9506,0.6005,1.774,0.4685,0.0073,0.0136,0.0055,0.008,0.0095
m1111.obj,Tool,1.323,1.3272,0.226,0.759,0.9605,1.4626,2.2236,0.6819,0.0183,0.0129,0.0042,0.0111,0.0124
m1582.obj,Train,0.7485,0.5795,0.2972,0.0548,0.1343,1.1237,0.0009,1.6989,0.0069,0.0069,0.0042,0.0045,0.0062
m1578.obj,Train,0.7397,0.6504,0.2983,0.0222,0.338,0.0235,0.0009,0.2514,0.0074,0.0108,0.0068,0.0093,0.0082
m1586.obj,Train,0.0631,0.819,0.0543,0.0993,3.0146,0.0704,0.0009,0.2545,0.0048,0.0035,0.0122,0.0092,0.007
D01163.obj,Train,0.225,0.3402,0.0066,0.1113,1.5383,0.0105,0.0009,0.4911,0.0035,0.0077,0.0051,0.0044,0.0069
D01095.obj,Train,0.7976,0.7048,0.0092,0.0146,0.371,0.0635,0.0009,0.6943,0.0095,0.0072,0.0051,0.0082,0.003
D01031.obj,Train,0.9618,0.8087,0.1708,0.1142,0.323,1.1447,0.0009,2.6952,0.0106,0.0118,0.0041,0.0092,0.0097
m1585.obj,Train,0.3635,1.0735,0.1243,0.112,2.3468,0.8349,0.0009,0.0236,0.0039,0.0043,0.0081,0.0076,0.0009
m1086.obj,Tree,1.0652,1.3029,0.2873,0.0081,1.0587,1.2498,1.0869,0.2784,0.0122,0.0093,0.0116,0.017,0.0135
D00367.obj,Tree,1.0937,1.3484,0.2377,0.1387,1.0791,2.0627,2.9221,1.3158,0.0067,0.0052,0.0155,0.0118,0.0072
m1050.obj,Tree,0.6065,1.1154,0.2773,0.1427,1.0404,1.6478,1.0673,0.9313,0.0062,0.0108,0.0201,0.0158,0.0099
D00010.obj,Truck,0.0912,0.0983,0.5612,0.0618,0.377,0.0496,0.0009,0.3622,0.0048,0.0062,0.0026,0.0029,0.0046
D00112.obj,Truck,0.1697,0.8543,0.3826,0.0252,2.1672,1.5663,0.0009,0.9331,0.0091,0.0091,0.003,0.006,0.0059
D00002.obj,Truck,0.5499,0.5062,0.7494,0.0816,0.306,0.8373,0.4063,0.4524,0.0029,0.011,0.0077,0.0052,0.0024
m1571.obj,Truck,0.0635,0.2014,0.2069,0.0705,0.3569,0.0751,0.0009,0.0297,0.0053,0.0059,0.005,0.0076,0.0052
D00987.obj,Truck,0.4322,0.2954,0.0359,0.0743,0.0001,0.2481,0.0009,0.2331,0.0065,0.0053,0.0055,0.0079,0.0076
D00518.obj,Truck,0.2285,0.2526,0.0409,0.0453,1.2089,0.9047,0.0009,0.7075,0.0103,0.0091,0.0031,0.0078,0.0073
D00215.obj,TruckNonContainer,0.3291,0.0684,0.1212,0.0703,0.4122,0.539,0.0009,0.1026,0.004,0.0084,0.0049,0.004,0.0024
D00879.obj,TruckNonContainer,1.2425,1.1695,2.0088,0.1222,0.7493,0.7777,0.0009,0.8412,0.0048,0.005,0.0075,0.0039,0.0031
D00783.obj,TruckNonContainer,0.233,0.1143,0.1006,0.0197,0.0974,0.5221,0.0009,0.1877,0.0056,0.0078,0.0027,0.005,0.0074
D00737.obj,TruckNonContainer,0.3478,0.586,0.3156,0.1267,0.8136,0.8207,0.0009,0.3131,0.0048,0.0053,0.0116,0.0081,0.0055
D00572.obj,TruckNonContainer,0.459,0.1443,0.0345,0.0357,0.4995,0.0704,0.0009,1.0428,0.008,0.0075,0.0118,0.0147,0.012
D00353.obj,TruckNonContainer,0.8524,1.3406,0.6758,0.0969,1.8651,0.6008,0.0009,0.7439,0.0041,0.0053,0.0044,0.0059,0.0059
m547.obj,Vase,2.1848,1.5163,0.0898,0.157,0.3925,1.3666,0.0009,1.3206,0.0098,0.0174,0.0134,0.0041,0.0064
m541.obj,Vase,1.2077,0.6013,1.3989,0.1584,0.1551,1.696,0.3374,1.3207,0.0109,0.0358,0.0136,0.0054,0.0094
m538.obj,Vase,2.539,1.9406,0.2635,0.1519,0.7362,0.9424,0.0009,1.2892,0.0092,0.0152,0.0125,0.0055,0.0062
m529.obj,Vase,3.0262,3.2308,0.259,0.15,2.6514,1.0433,0.0009,1.2775,0.0095,0.0152,0.0116,0.0023,0.0064
m527.obj,Vase,1.5968,1.0561,2.7201,0.1594,0.1893,1.707,0.3621,1.2848,0.0088,0.0186,0.0136,0.0053,0.0071
m532.obj,Vase,0.6562,0.8107,0.5183,0.115,0.7399,1.2164,0.2313,0.6033,0.0044,0.0051,0.01,0.0094,0.0034
m542.obj,Vase,1.6833,1.053,2.147,0.1525,0.1179,1.3238,0.0009,1.1814,0.0089,0.0147,0.016,0.0104,0.0039
D00701.obj,Violin,1.3725,1.3303,0.2882,1.9336,0.9059,0.5234,1.568,0.2007,0.0195,0.0118,0.006,0.0161,0.0186
D00891.obj,Violin,1.2226,1.191,0.2914,0.5311,0.8202,0.0073,0.8693,0.8307,0.0137,0.0102,0.0062,0.0115,0.0142
D00993.obj,Violin,1.2623,1.179,0.2658,0.0481,0.7245,0.9715,0.9391,0.4394,0.0103,0.0051,0.0106,0.0158,0.0133
D00349.obj,Violin,0.978,0.9164,2.4976,0.2117,0.5758,0.9276,0.8166,0.5182,0.0112,0.0077,0.008,0.0138,0.0124
D00602.obj,Violin,1.3167,1.288,0.196,0.3462,0.8944,0.7676,1.3055,0.7505,0.0114,0.0056,0.0098,0.0158,0.0161
D00506.obj,Violin,1.2134,1.1819,0.7653,0.3338,0.8136,0.8329,1.1104,0.0592,0.0113,0.0058,0.0098,0.0148,0.0153
D00376.obj,Violin,1.3205,1.2776,0.3459,0.6689,0.8668,0.5313,1.3946,0.621,0.0136,0.0074,0.0081,0.0138,0.0136
m747.obj,Wheel,0.0485,0.0113,0.1818,0.0101,0.0855,0.0401,0.0009,1.3218,0.0054,0.0089,0.009,0.005,0.0052
m746.obj,Wheel,0.8796,0.6599,0.0895,0.1503,0.2124,1.3842,0.0009,1.3184,0.0078,0.017,0.0218,0.0163,0.0088
m744.obj,Wheel,1.9331,1.4745,0.7106,0.1398,0.5442,0.7591,0.0009,1.3216,0.0075,0.0118,0.011,0.0056,0.0043
m740.obj,Wheel,2.9426,2.5091,0.5055,0.1392,1.2902,0.5913,0.0009,1.3163,0.0083,0.0183,0.0101,0.0036,0.006
m738.obj,Wheel,0.6927,0.4105,0.0615,0.1291,0.0238,1.4615,0.0009,1.3217,0.0058,0.0138,0.011,0.0046,0.0056
m735.obj,Wheel,0.5006,0.3895,0.2895,1.3823,0.1132,0.109,0.7713,1.3219,0.0058,0.0292,0.0045,0.0039,0.0141
D00526.obj,WheelChair,0.5724,0.6691,0.211,0.1401,0.5934,1.671,1.7196,1.1708,0.0058,0.0044,0.0153,0.0091,0.0055
D00499.obj,WheelChair,0.6329,0.7498,0.1843,0.1358,0.668,1.4679,1.0792,0.9909,0.0048,0.0053,0.0126,0.0081,0.0042
D00720.obj,WheelChair,0.3348,0.4515,0.0104,0.1354,0.4617,1.2251,0.2318,0.7233,0.0045,0.0044,0.0165,0.0105,0.0059
D00846.obj,WheelChair,0.5487,0.6604,0.0483,0.1417,0.6018,1.5945,1.3428,1.1359,0.0059,0.0065,0.0127,0.0054,0.0032
D00365.obj,WheelChair,0.8527,0.9086,0.0259,0.1232,0.72,1.786,1.9,1.1544,0.0023,0.0063,0.013,0.0106,0.0073
D00070.obj,WheelChair,0.1282,0.2969,0.1902,0.1353,0.4048,1.322,0.033,0.9669,0.0045,0.0044,0.0143,0.0108,0.0067
D00088.obj,WheelChair,0.5418,0.6287,0.0997,0.1449,0.5554,1.5691,1.281,1.28,0.0044,0.0054,0.0171,0.0095,0.0057
